Workbook

Sheet Premissas
B2: Prestare — Gestão · Tabela de preço por zonas
B3: Modelo em curva de U. Edite somente as células amarelas — todo o resto é fórmula.
B6: Faixa | C6: Unidades | D6: Limite superior | E6: Valor | F6: O que está incluído
B7: Compacto | C7: Até 30 unidades | D7: 30 | E7: 298 | F7: 1 bloco · 1 terminal facial · suporte comercial
B8: Padrão | C8: Da 31ª à 60ª | D8: 60 | E8: 9.9 | F8: Até 2 blocos · 1 terminal facial
B9: Plus | C9: Da 61ª à 120ª | D9: 120 | E9: 8.9 | F9: Até 3 blocos · 2 terminais faciais
B10: Corporativo | C10: Acima da 120ª | D10: — | E10: 11.9 | F10: Blocos ilimitados · terminais adicionais · gestor de conta · SLA prioritário · relatório mensal ao conselho
B12: Taxa de implantação (única) | E12: 490
B14: Como o preço é calculado
B15: O valor da faixa Compacto é fixo e cobre as 30 primeiras unidades. A partir da 31ª, cada unidade entra na sua zona: da 31ª à 60ª a R$ 9,90; da 61ª à 120ª a R$ 8,90; acima da 120ª a R$ 11,90. Um condomínio de 200 unidades paga R$ 298 + (30 × 9,90) + (60 × 8,90) + (80 × 11,90).
B19: Fonte: tabela de zonas definida por Vinicius / Prestare em 26/08/2026. Unidades da carteira informadas pelo cliente.

Sheet Carteira Prestare
B2: Carteira atual — 15 condomínios
B3: Preço já calculado pelo modelo de zonas. Para corrigir um condomínio, altere só a coluna Unidades (amarela).
B6: # | C6: Condomínio | D6: Unidades | E6: Faixa | F6: Mensalidade | G6: Por apartamento | H6: Implantação | I6: 1º mês | J6: Receita 12 meses
B7: 1 | C7: Damha | D7: 308 | E7: =IF(D7<=Premissas!$D$7,Premissas!$B$7,IF(D7<=Premissas!$D$8,Premissas!$B$8,IF(D7<=Premissas!$D$9,Premissas!$B$9,Premissas!$B$10))) -> Corporativo | F7: =Premissas!$E$7+MAX(0,MIN(D7,Premissas!$D$8)-Premissas!$D$7)*Premissas!$E$8+MAX(0,MIN(D7,Premissas!$D$9)-Premissas!$D$8)*Premissas!$E$9+MAX(0,D7-Premissas!$D$9)*Premissas!$E$10 -> 3366.2 | G7: =F7/D7 -> 10.929221 | H7: =Premissas!$E$12 -> 490 | I7: =F7+H7 -> 3856.2 | J7: =F7*12 -> 40394.4
B8: 2 | C8: Ideal Life | D8: 200 | E8: =IF(D8<=Premissas!$D$7,Premissas!$B$7,IF(D8<=Premissas!$D$8,Premissas!$B$8,IF(D8<=Premissas!$D$9,Premissas!$B$9,Premissas!$B$10))) -> Corporativo | F8: =Premissas!$E$7+MAX(0,MIN(D8,Premissas!$D$8)-Premissas!$D$7)*Premissas!$E$8+MAX(0,MIN(D8,Premissas!$D$9)-Premissas!$D$8)*Premissas!$E$9+MAX(0,D8-Premissas!$D$9)*Premissas!$E$10 -> 2081 | G8: =F8/D8 -> 10.405 | H8: =Premissas!$E$12 -> 490 | I8: =F8+H8 -> 2571 | J8: =F8*12 -> 24972
B9: 3 | C9: Duarte Nogueira | D9: 160 | E9: =IF(D9<=Premissas!$D$7,Premissas!$B$7,IF(D9<=Premissas!$D$8,Premissas!$B$8,IF(D9<=Premissas!$D$9,Premissas!$B$9,Premissas!$B$10))) -> Corporativo | F9: =Premissas!$E$7+MAX(0,MIN(D9,Premissas!$D$8)-Premissas!$D$7)*Premissas!$E$8+MAX(0,MIN(D9,Premissas!$D$9)-Premissas!$D$8)*Premissas!$E$9+MAX(0,D9-Premissas!$D$9)*Premissas!$E$10 -> 1605 | G9: =F9/D9 -> 10.03125 | H9: =Premissas!$E$12 -> 490 | I9: =F9+H9 -> 2095 | J9: =F9*12 -> 19260
B10: 4 | C10: Jardim Alvorada | D10: 120 | E10: =IF(D10<=Premissas!$D$7,Premissas!$B$7,IF(D10<=Premissas!$D$8,Premissas!$B$8,IF(D10<=Premissas!$D$9,Premissas!$B$9,Premissas!$B$10))) -> Plus | F10: =Premissas!$E$7+MAX(0,MIN(D10,Premissas!$D$8)-Premissas!$D$7)*Premissas!$E$8+MAX(0,MIN(D10,Premissas!$D$9)-Premissas!$D$8)*Premissas!$E$9+MAX(0,D10-Premissas!$D$9)*Premissas!$E$10 -> 1129 | G10: =F10/D10 -> 9.4083333 | H10: =Premissas!$E$12 -> 490 | I10: =F10+H10 -> 1619 | J10: =F10*12 -> 13548
B11: 5 | C11: Casa Pienza | D11: 112 | E11: =IF(D11<=Premissas!$D$7,Premissas!$B$7,IF(D11<=Premissas!$D$8,Premissas!$B$8,IF(D11<=Premissas!$D$9,Premissas!$B$9,Premissas!$B$10))) -> Plus | F11: =Premissas!$E$7+MAX(0,MIN(D11,Premissas!$D$8)-Premissas!$D$7)*Premissas!$E$8+MAX(0,MIN(D11,Premissas!$D$9)-Premissas!$D$8)*Premissas!$E$9+MAX(0,D11-Premissas!$D$9)*Premissas!$E$10 -> 1057.8 | G11: =F11/D11 -> 9.4446429 | H11: =Premissas!$E$12 -> 490 | I11: =F11+H11 -> 1547.8 | J11: =F11*12 -> 12693.6
B12: 6 | C12: Solar dos Ipês | D12: 64 | E12: =IF(D12<=Premissas!$D$7,Premissas!$B$7,IF(D12<=Premissas!$D$8,Premissas!$B$8,IF(D12<=Premissas!$D$9,Premissas!$B$9,Premissas!$B$10))) -> Plus | F12: =Premissas!$E$7+MAX(0,MIN(D12,Premissas!$D$8)-Premissas!$D$7)*Premissas!$E$8+MAX(0,MIN(D12,Premissas!$D$9)-Premissas!$D$8)*Premissas!$E$9+MAX(0,D12-Premissas!$D$9)*Premissas!$E$10 -> 630.6 | G12: =F12/D12 -> 9.853125 | H12: =Premissas!$E$12 -> 490 | I12: =F12+H12 -> 1120.6 | J12: =F12*12 -> 7567.2
B13: 7 | C13: Moreschi | D13: 24 | E13: =IF(D13<=Premissas!$D$7,Premissas!$B$7,IF(D13<=Premissas!$D$8,Premissas!$B$8,IF(D13<=Premissas!$D$9,Premissas!$B$9,Premissas!$B$10))) -> Compacto | F13: =Premissas!$E$7+MAX(0,MIN(D13,Premissas!$D$8)-Premissas!$D$7)*Premissas!$E$8+MAX(0,MIN(D13,Premissas!$D$9)-Premissas!$D$8)*Premissas!$E$9+MAX(0,D13-Premissas!$D$9)*Premissas!$E$10 -> 298 | G13: =F13/D13 -> 12.416667 | H13: =Premissas!$E$12 -> 490 | I13: =F13+H13 -> 788 | J13: =F13*12 -> 3576
B14: 8 | C14: Rio Negro | D14: 24 | E14: =IF(D14<=Premissas!$D$7,Premissas!$B$7,IF(D14<=Premissas!$D$8,Premissas!$B$8,IF(D14<=Premissas!$D$9,Premissas!$B$9,Premissas!$B$10))) -> Compacto | F14: =Premissas!$E$7+MAX(0,MIN(D14,Premissas!$D$8)-Premissas!$D$7)*Premissas!$E$8+MAX(0,MIN(D14,Premissas!$D$9)-Premissas!$D$8)*Premissas!$E$9+MAX(0,D14-Premissas!$D$9)*Premissas!$E$10 -> 298 | G14: =F14/D14 -> 12.416667 | H14: =Premissas!$E$12 -> 490 | I14: =F14+H14 -> 788 | J14: =F14*12 -> 3576
B15: 9 | C15: Santa Andélia | D15: 24 | E15: =IF(D15<=Premissas!$D$7,Premissas!$B$7,IF(D15<=Premissas!$D$8,Premissas!$B$8,IF(D15<=Premissas!$D$9,Premissas!$B$9,Premissas!$B$10))) -> Compacto | F15: =Premissas!$E$7+MAX(0,MIN(D15,Premissas!$D$8)-Premissas!$D$7)*Premissas!$E$8+MAX(0,MIN(D15,Premissas!$D$9)-Premissas!$D$8)*Premissas!$E$9+MAX(0,D15-Premissas!$D$9)*Premissas!$E$10 -> 298 | G15: =F15/D15 -> 12.416667 | H15: =Premissas!$E$12 -> 490 | I15: =F15+H15 -> 788 | J15: =F15*12 -> 3576
B16: 10 | C16: Veredas do Sol | D16: 22 | E16: =IF(D16<=Premissas!$D$7,Premissas!$B$7,IF(D16<=Premissas!$D$8,Premissas!$B$8,IF(D16<=Premissas!$D$9,Premissas!$B$9,Premissas!$B$10))) -> Compacto | F16: =Premissas!$E$7+MAX(0,MIN(D16,Premissas!$D$8)-Premissas!$D$7)*Premissas!$E$8+MAX(0,MIN(D16,Premissas!$D$9)-Premissas!$D$8)*Premissas!$E$9+MAX(0,D16-Premissas!$D$9)*Premissas!$E$10 -> 298 | G16: =F16/D16 -> 13.545455 | H16: =Premissas!$E$12 -> 490 | I16: =F16+H16 -> 788 | J16: =F16*12 -> 3576
B17: 11 | C17: Grão Pará | D17: 20 | E17: =IF(D17<=Premissas!$D$7,Premissas!$B$7,IF(D17<=Premissas!$D$8,Premissas!$B$8,IF(D17<=Premissas!$D$9,Premissas!$B$9,Premissas!$B$10))) -> Compacto | F17: =Premissas!$E$7+MAX(0,MIN(D17,Premissas!$D$8)-Premissas!$D$7)*Premissas!$E$8+MAX(0,MIN(D17,Premissas!$D$9)-Premissas!$D$8)*Premissas!$E$9+MAX(0,D17-Premissas!$D$9)*Premissas!$E$10 -> 298 | G17: =F17/D17 -> 14.9 | H17: =Premissas!$E$12 -> 490 | I17: =F17+H17 -> 788 | J17: =F17*12 -> 3576
B18: 12 | C18: Santos Dumont | D18: 20 | E18: =IF(D18<=Premissas!$D$7,Premissas!$B$7,IF(D18<=Premissas!$D$8,Premissas!$B$8,IF(D18<=Premissas!$D$9,Premissas!$B$9,Premissas!$B$10))) -> Compacto | F18: =Premissas!$E$7+MAX(0,MIN(D18,Premissas!$D$8)-Premissas!$D$7)*Premissas!$E$8+MAX(0,MIN(D18,Premissas!$D$9)-Premissas!$D$8)*Premissas!$E$9+MAX(0,D18-Premissas!$D$9)*Premissas!$E$10 -> 298 | G18: =F18/D18 -> 14.9 | H18: =Premissas!$E$12 -> 490 | I18: =F18+H18 -> 788 | J18: =F18*12 -> 3576
... B21: 15 | C21: Porto Seguro | D21: 12 | E21: =IF(D21<=Premissas!$D$7,Premissas!$B$7,IF(D21<=Premissas!$D$8,Premissas!$B$8,IF(D21<=Premissas!$D$9,Premissas!$B$9,Premissas!$B$10))) -> Compacto | F21: =Premissas!$E$7+MAX(0,MIN(D21,Premissas!$D$8)-Premissas!$D$7)*Premissas!$E$8+MAX(0,MIN(D21,Premissas!$D$9)-Premissas!$D$8)*Premissas!$E$9+MAX(0,D21-Premissas!$D$9)*Premissas!$E$10 -> 298 | G21: =F21/D21 -> 24.833333 | H21: =Premissas!$E$12 -> 490 | I21: =F21+H21 -> 788 | J21: =F21*12 -> 3576
C22: TOTAL DA CARTEIRA | D22: =SUM(D7:D21) -> 1141 | F22: =SUM(F7:F21) -> 12551.6 | G22: =F22/D22 -> 11.000526 | H22: =SUM(H7:H21) -> 7350 | I22: =SUM(I7:I21) -> 19901.6 | J22: =SUM(J7:J21) -> 150619.2
C24: Condomínios na carteira | F24: =COUNT(D7:D21) -> 15
C25: Média de unidades por condomínio | F25: =D22/COUNT(D7:D21) -> 76.066667
C26: Mensalidade média | F26: =F22/COUNT(D7:D21) -> 836.77333
C27: Receita recorrente anual (MRR × 12) | F27: =F22*12 -> 150619.2
C28: Implantação total (se todos entrarem) | F28: =H22 -> 7350
C29: Total do ano 1 | F29: =F22*12+H22 -> 157969.2

Sheet Simulador
B2: Simulador — condomínios novos
B3: Digite o nome e o número de unidades nas células amarelas. O preço aparece na hora.
B6: Condomínio (prospect) | C6: Unidades | D6: Faixa | E6: Mensalidade | F6: Por apartamento | G6: Implantação | H6: 1º mês | I6: Receita 12 meses
B7: Exemplo — Residencial Modelo | C7: 85 | D7: =IF(C7="","",IF(C7<=Premissas!$D$7,Premissas!$B$7,IF(C7<=Premissas!$D$8,Premissas!$B$8,IF(C7<=Premissas!$D$9,Premissas!$B$9,Premissas!$B$10)))) -> Plus | E7: =IF(C7="","",Premissas!$E$7+MAX(0,MIN(C7,Premissas!$D$8)-Premissas!$D$7)*Premissas!$E$8+MAX(0,MIN(C7,Premissas!$D$9)-Premissas!$D$8)*Premissas!$E$9+MAX(0,C7-Premissas!$D$9)*Premissas!$E$10) -> 817.5 | F7: =IF(C7="","",E7/C7) -> 9.6176471 | G7: =IF(C7="","",Premissas!$E$12) -> 490 | H7: =IF(C7="","",E7+G7) -> 1307.5 | I7: =IF(C7="","",E7*12) -> 9810
D8: =IF(C8="","",IF(C8<=Premissas!$D$7,Premissas!$B$7,IF(C8<=Premissas!$D$8,Premissas!$B$8,IF(C8<=Premissas!$D$9,Premissas!$B$9,Premissas!$B$10)))) | E8: =IF(C8="","",Premissas!$E$7+MAX(0,MIN(C8,Premissas!$D$8)-Premissas!$D$7)*Premissas!$E$8+MAX(0,MIN(C8,Premissas!$D$9)-Premissas!$D$8)*Premissas!$E$9+MAX(0,C8-Premissas!$D$9)*Premissas!$E$10) | F8: =IF(C8="","",E8/C8) | G8: =IF(C8="","",Premissas!$E$12) | H8: =IF(C8="","",E8+G8) | I8: =IF(C8="","",E8*12)
D9: =IF(C9="","",IF(C9<=Premissas!$D$7,Premissas!$B$7,IF(C9<=Premissas!$D$8,Premissas!$B$8,IF(C9<=Premissas!$D$9,Premissas!$B$9,Premissas!$B$10)))) | E9: =IF(C9="","",Premissas!$E$7+MAX(0,MIN(C9,Premissas!$D$8)-Premissas!$D$7)*Premissas!$E$8+MAX(0,MIN(C9,Premissas!$D$9)-Premissas!$D$8)*Premissas!$E$9+MAX(0,C9-Premissas!$D$9)*Premissas!$E$10) | F9: =IF(C9="","",E9/C9) | G9: =IF(C9="","",Premissas!$E$12) | H9: =IF(C9="","",E9+G9) | I9: =IF(C9="","",E9*12)
D10: =IF(C10="","",IF(C10<=Premissas!$D$7,Premissas!$B$7,IF(C10<=Premissas!$D$8,Premissas!$B$8,IF(C10<=Premissas!$D$9,Premissas!$B$9,Premissas!$B$10)))) | E10: =IF(C10="","",Premissas!$E$7+MAX(0,MIN(C10,Premissas!$D$8)-Premissas!$D$7)*Premissas!$E$8+MAX(0,MIN(C10,Premissas!$D$9)-Premissas!$D$8)*Premissas!$E$9+MAX(0,C10-Premissas!$D$9)*Premissas!$E$10) | F10: =IF(C10="","",E10/C10) | G10: =IF(C10="","",Premissas!$E$12) | H10: =IF(C10="","",E10+G10) | I10: =IF(C10="","",E10*12)
D11: =IF(C11="","",IF(C11<=Premissas!$D$7,Premissas!$B$7,IF(C11<=Premissas!$D$8,Premissas!$B$8,IF(C11<=Premissas!$D$9,Premissas!$B$9,Premissas!$B$10)))) | E11: =IF(C11="","",Premissas!$E$7+MAX(0,MIN(C11,Premissas!$D$8)-Premissas!$D$7)*Premissas!$E$8+MAX(0,MIN(C11,Premissas!$D$9)-Premissas!$D$8)*Premissas!$E$9+MAX(0,C11-Premissas!$D$9)*Premissas!$E$10) | F11: =IF(C11="","",E11/C11) | G11: =IF(C11="","",Premissas!$E$12) | H11: =IF(C11="","",E11+G11) | I11: =IF(C11="","",E11*12)
D12: =IF(C12="","",IF(C12<=Premissas!$D$7,Premissas!$B$7,IF(C12<=Premissas!$D$8,Premissas!$B$8,IF(C12<=Premissas!$D$9,Premissas!$B$9,Premissas!$B$10)))) | E12: =IF(C12="","",Premissas!$E$7+MAX(0,MIN(C12,Premissas!$D$8)-Premissas!$D$7)*Premissas!$E$8+MAX(0,MIN(C12,Premissas!$D$9)-Premissas!$D$8)*Premissas!$E$9+MAX(0,C12-Premissas!$D$9)*Premissas!$E$10) | F12: =IF(C12="","",E12/C12) | G12: =IF(C12="","",Premissas!$E$12) | H12: =IF(C12="","",E12+G12) | I12: =IF(C12="","",E12*12)
D13: =IF(C13="","",IF(C13<=Premissas!$D$7,Premissas!$B$7,IF(C13<=Premissas!$D$8,Premissas!$B$8,IF(C13<=Premissas!$D$9,Premissas!$B$9,Premissas!$B$10)))) | E13: =IF(C13="","",Premissas!$E$7+MAX(0,MIN(C13,Premissas!$D$8)-Premissas!$D$7)*Premissas!$E$8+MAX(0,MIN(C13,Premissas!$D$9)-Premissas!$D$8)*Premissas!$E$9+MAX(0,C13-Premissas!$D$9)*Premissas!$E$10) | F13: =IF(C13="","",E13/C13) | G13: =IF(C13="","",Premissas!$E$12) | H13: =IF(C13="","",E13+G13) | I13: =IF(C13="","",E13*12)
D14: =IF(C14="","",IF(C14<=Premissas!$D$7,Premissas!$B$7,IF(C14<=Premissas!$D$8,Premissas!$B$8,IF(C14<=Premissas!$D$9,Premissas!$B$9,Premissas!$B$10)))) | E14: =IF(C14="","",Premissas!$E$7+MAX(0,MIN(C14,Premissas!$D$8)-Premissas!$D$7)*Premissas!$E$8+MAX(0,MIN(C14,Premissas!$D$9)-Premissas!$D$8)*Premissas!$E$9+MAX(0,C14-Premissas!$D$9)*Premissas!$E$10) | F14: =IF(C14="","",E14/C14) | G14: =IF(C14="","",Premissas!$E$12) | H14: =IF(C14="","",E14+G14) | I14: =IF(C14="","",E14*12)
D15: =IF(C15="","",IF(C15<=Premissas!$D$7,Premissas!$B$7,IF(C15<=Premissas!$D$8,Premissas!$B$8,IF(C15<=Premissas!$D$9,Premissas!$B$9,Premissas!$B$10)))) | E15: =IF(C15="","",Premissas!$E$7+MAX(0,MIN(C15,Premissas!$D$8)-Premissas!$D$7)*Premissas!$E$8+MAX(0,MIN(C15,Premissas!$D$9)-Premissas!$D$8)*Premissas!$E$9+MAX(0,C15-Premissas!$D$9)*Premissas!$E$10) | F15: =IF(C15="","",E15/C15) | G15: =IF(C15="","",Premissas!$E$12) | H15: =IF(C15="","",E15+G15) | I15: =IF(C15="","",E15*12)
D16: =IF(C16="","",IF(C16<=Premissas!$D$7,Premissas!$B$7,IF(C16<=Premissas!$D$8,Premissas!$B$8,IF(C16<=Premissas!$D$9,Premissas!$B$9,Premissas!$B$10)))) | E16: =IF(C16="","",Premissas!$E$7+MAX(0,MIN(C16,Premissas!$D$8)-Premissas!$D$7)*Premissas!$E$8+MAX(0,MIN(C16,Premissas!$D$9)-Premissas!$D$8)*Premissas!$E$9+MAX(0,C16-Premissas!$D$9)*Premissas!$E$10) | F16: =IF(C16="","",E16/C16) | G16: =IF(C16="","",Premissas!$E$12) | H16: =IF(C16="","",E16+G16) | I16: =IF(C16="","",E16*12)
D17: =IF(C17="","",IF(C17<=Premissas!$D$7,Premissas!$B$7,IF(C17<=Premissas!$D$8,Premissas!$B$8,IF(C17<=Premissas!$D$9,Premissas!$B$9,Premissas!$B$10)))) | E17: =IF(C17="","",Premissas!$E$7+MAX(0,MIN(C17,Premissas!$D$8)-Premissas!$D$7)*Premissas!$E$8+MAX(0,MIN(C17,Premissas!$D$9)-Premissas!$D$8)*Premissas!$E$9+MAX(0,C17-Premissas!$D$9)*Premissas!$E$10) | F17: =IF(C17="","",E17/C17) | G17: =IF(C17="","",Premissas!$E$12) | H17: =IF(C17="","",E17+G17) | I17: =IF(C17="","",E17*12)
D18: =IF(C18="","",IF(C18<=Premissas!$D$7,Premissas!$B$7,IF(C18<=Premissas!$D$8,Premissas!$B$8,IF(C18<=Premissas!$D$9,Premissas!$B$9,Premissas!$B$10)))) | E18: =IF(C18="","",Premissas!$E$7+MAX(0,MIN(C18,Premissas!$D$8)-Premissas!$D$7)*Premissas!$E$8+MAX(0,MIN(C18,Premissas!$D$9)-Premissas!$D$8)*Premissas!$E$9+MAX(0,C18-Premissas!$D$9)*Premissas!$E$10) | F18: =IF(C18="","",E18/C18) | G18: =IF(C18="","",Premissas!$E$12) | H18: =IF(C18="","",E18+G18) | I18: =IF(C18="","",E18*12)
D19: =IF(C19="","",IF(C19<=Premissas!$D$7,Premissas!$B$7,IF(C19<=Premissas!$D$8,Premissas!$B$8,IF(C19<=Premissas!$D$9,Premissas!$B$9,Premissas!$B$10)))) | E19: =IF(C19="","",Premissas!$E$7+MAX(0,MIN(C19,Premissas!$D$8)-Premissas!$D$7)*Premissas!$E$8+MAX(0,MIN(C19,Premissas!$D$9)-Premissas!$D$8)*Premissas!$E$9+MAX(0,C19-Premissas!$D$9)*Premissas!$E$10) | F19: =IF(C19="","",E19/C19) | G19: =IF(C19="","",Premissas!$E$12) | H19: =IF(C19="","",E19+G19) | I19: =IF(C19="","",E19*12)
... D26: =IF(C26="","",IF(C26<=Premissas!$D$7,Premissas!$B$7,IF(C26<=Premissas!$D$8,Premissas!$B$8,IF(C26<=Premissas!$D$9,Premissas!$B$9,Premissas!$B$10)))) | E26: =IF(C26="","",Premissas!$E$7+MAX(0,MIN(C26,Premissas!$D$8)-Premissas!$D$7)*Premissas!$E$8+MAX(0,MIN(C26,Premissas!$D$9)-Premissas!$D$8)*Premissas!$E$9+MAX(0,C26-Premissas!$D$9)*Premissas!$E$10) | F26: =IF(C26="","",E26/C26) | G26: =IF(C26="","",Premissas!$E$12) | H26: =IF(C26="","",E26+G26) | I26: =IF(C26="","",E26*12)
B27: TOTAL DOS PROSPECTS | C27: =SUM(C7:C26) -> 85 | E27: =SUM(E7:E26) -> 817.5 | G27: =SUM(G7:G26) -> 490 | H27: =SUM(H7:H26) -> 1307.5 | I27: =SUM(I7:I26) -> 9810
B29: Como usar
B30: As colunas amarelas são as únicas que você preenche: nome do prospect e número de unidades. A linha 7 vem com um exemplo (85 unidades) só para mostrar o formato — apague e use. O total no rodapé soma tudo o que você digitou, útil para projetar quanto vale um pacote de prospects.

Sheet Tabela de referência
B2: Preço por tamanho de condomínio
B3: Consulta rápida para a reunião. Recalcula sozinha se você mexer nas zonas da aba Premissas.
B6: Unidades | C6: Faixa | D6: Mensalidade | E6: Por apartamento | F6: Receita 12 meses
B7: 10 | C7: =IF(B7<=Premissas!$D$7,Premissas!$B$7,IF(B7<=Premissas!$D$8,Premissas!$B$8,IF(B7<=Premissas!$D$9,Premissas!$B$9,Premissas!$B$10))) -> Compacto | D7: =Premissas!$E$7+MAX(0,MIN(B7,Premissas!$D$8)-Premissas!$D$7)*Premissas!$E$8+MAX(0,MIN(B7,Premissas!$D$9)-Premissas!$D$8)*Premissas!$E$9+MAX(0,B7-Premissas!$D$9)*Premissas!$E$10 -> 298 | E7: =D7/B7 -> 29.8 | F7: =D7*12 -> 3576
B8: 15 | C8: =IF(B8<=Premissas!$D$7,Premissas!$B$7,IF(B8<=Premissas!$D$8,Premissas!$B$8,IF(B8<=Premissas!$D$9,Premissas!$B$9,Premissas!$B$10))) -> Compacto | D8: =Premissas!$E$7+MAX(0,MIN(B8,Premissas!$D$8)-Premissas!$D$7)*Premissas!$E$8+MAX(0,MIN(B8,Premissas!$D$9)-Premissas!$D$8)*Premissas!$E$9+MAX(0,B8-Premissas!$D$9)*Premissas!$E$10 -> 298 | E8: =D8/B8 -> 19.866667 | F8: =D8*12 -> 3576
B9: 20 | C9: =IF(B9<=Premissas!$D$7,Premissas!$B$7,IF(B9<=Premissas!$D$8,Premissas!$B$8,IF(B9<=Premissas!$D$9,Premissas!$B$9,Premissas!$B$10))) -> Compacto | D9: =Premissas!$E$7+MAX(0,MIN(B9,Premissas!$D$8)-Premissas!$D$7)*Premissas!$E$8+MAX(0,MIN(B9,Premissas!$D$9)-Premissas!$D$8)*Premissas!$E$9+MAX(0,B9-Premissas!$D$9)*Premissas!$E$10 -> 298 | E9: =D9/B9 -> 14.9 | F9: =D9*12 -> 3576
B10: 25 | C10: =IF(B10<=Premissas!$D$7,Premissas!$B$7,IF(B10<=Premissas!$D$8,Premissas!$B$8,IF(B10<=Premissas!$D$9,Premissas!$B$9,Premissas!$B$10))) -> Compacto | D10: =Premissas!$E$7+MAX(0,MIN(B10,Premissas!$D$8)-Premissas!$D$7)*Premissas!$E$8+MAX(0,MIN(B10,Premissas!$D$9)-Premissas!$D$8)*Premissas!$E$9+MAX(0,B10-Premissas!$D$9)*Premissas!$E$10 -> 298 | E10: =D10/B10 -> 11.92 | F10: =D10*12 -> 3576
B11: 30 | C11: =IF(B11<=Premissas!$D$7,Premissas!$B$7,IF(B11<=Premissas!$D$8,Premissas!$B$8,IF(B11<=Premissas!$D$9,Premissas!$B$9,Premissas!$B$10))) -> Compacto | D11: =Premissas!$E$7+MAX(0,MIN(B11,Premissas!$D$8)-Premissas!$D$7)*Premissas!$E$8+MAX(0,MIN(B11,Premissas!$D$9)-Premissas!$D$8)*Premissas!$E$9+MAX(0,B11-Premissas!$D$9)*Premissas!$E$10 -> 298 | E11: =D11/B11 -> 9.9333333 | F11: =D11*12 -> 3576
B12: 35 | C12: =IF(B12<=Premissas!$D$7,Premissas!$B$7,IF(B12<=Premissas!$D$8,Premissas!$B$8,IF(B12<=Premissas!$D$9,Premissas!$B$9,Premissas!$B$10))) -> Padrão | D12: =Premissas!$E$7+MAX(0,MIN(B12,Premissas!$D$8)-Premissas!$D$7)*Premissas!$E$8+MAX(0,MIN(B12,Premissas!$D$9)-Premissas!$D$8)*Premissas!$E$9+MAX(0,B12-Premissas!$D$9)*Premissas!$E$10 -> 347.5 | E12: =D12/B12 -> 9.9285714 | F12: =D12*12 -> 4170
B13: 40 | C13: =IF(B13<=Premissas!$D$7,Premissas!$B$7,IF(B13<=Premissas!$D$8,Premissas!$B$8,IF(B13<=Premissas!$D$9,Premissas!$B$9,Premissas!$B$10))) -> Padrão | D13: =Premissas!$E$7+MAX(0,MIN(B13,Premissas!$D$8)-Premissas!$D$7)*Premissas!$E$8+MAX(0,MIN(B13,Premissas!$D$9)-Premissas!$D$8)*Premissas!$E$9+MAX(0,B13-Premissas!$D$9)*Premissas!$E$10 -> 397 | E13: =D13/B13 -> 9.925 | F13: =D13*12 -> 4764
B14: 50 | C14: =IF(B14<=Premissas!$D$7,Premissas!$B$7,IF(B14<=Premissas!$D$8,Premissas!$B$8,IF(B14<=Premissas!$D$9,Premissas!$B$9,Premissas!$B$10))) -> Padrão | D14: =Premissas!$E$7+MAX(0,MIN(B14,Premissas!$D$8)-Premissas!$D$7)*Premissas!$E$8+MAX(0,MIN(B14,Premissas!$D$9)-Premissas!$D$8)*Premissas!$E$9+MAX(0,B14-Premissas!$D$9)*Premissas!$E$10 -> 496 | E14: =D14/B14 -> 9.92 | F14: =D14*12 -> 5952
B15: 60 | C15: =IF(B15<=Premissas!$D$7,Premissas!$B$7,IF(B15<=Premissas!$D$8,Premissas!$B$8,IF(B15<=Premissas!$D$9,Premissas!$B$9,Premissas!$B$10))) -> Padrão | D15: =Premissas!$E$7+MAX(0,MIN(B15,Premissas!$D$8)-Premissas!$D$7)*Premissas!$E$8+MAX(0,MIN(B15,Premissas!$D$9)-Premissas!$D$8)*Premissas!$E$9+MAX(0,B15-Premissas!$D$9)*Premissas!$E$10 -> 595 | E15: =D15/B15 -> 9.9166667 | F15: =D15*12 -> 7140
B16: 70 | C16: =IF(B16<=Premissas!$D$7,Premissas!$B$7,IF(B16<=Premissas!$D$8,Premissas!$B$8,IF(B16<=Premissas!$D$9,Premissas!$B$9,Premissas!$B$10))) -> Plus | D16: =Premissas!$E$7+MAX(0,MIN(B16,Premissas!$D$8)-Premissas!$D$7)*Premissas!$E$8+MAX(0,MIN(B16,Premissas!$D$9)-Premissas!$D$8)*Premissas!$E$9+MAX(0,B16-Premissas!$D$9)*Premissas!$E$10 -> 684 | E16: =D16/B16 -> 9.7714286 | F16: =D16*12 -> 8208
B17: 80 | C17: =IF(B17<=Premissas!$D$7,Premissas!$B$7,IF(B17<=Premissas!$D$8,Premissas!$B$8,IF(B17<=Premissas!$D$9,Premissas!$B$9,Premissas!$B$10))) -> Plus | D17: =Premissas!$E$7+MAX(0,MIN(B17,Premissas!$D$8)-Premissas!$D$7)*Premissas!$E$8+MAX(0,MIN(B17,Premissas!$D$9)-Premissas!$D$8)*Premissas!$E$9+MAX(0,B17-Premissas!$D$9)*Premissas!$E$10 -> 773 | E17: =D17/B17 -> 9.6625 | F17: =D17*12 -> 9276
B18: 90 | C18: =IF(B18<=Premissas!$D$7,Premissas!$B$7,IF(B18<=Premissas!$D$8,Premissas!$B$8,IF(B18<=Premissas!$D$9,Premissas!$B$9,Premissas!$B$10))) -> Plus | D18: =Premissas!$E$7+MAX(0,MIN(B18,Premissas!$D$8)-Premissas!$D$7)*Premissas!$E$8+MAX(0,MIN(B18,Premissas!$D$9)-Premissas!$D$8)*Premissas!$E$9+MAX(0,B18-Premissas!$D$9)*Premissas!$E$10 -> 862 | E18: =D18/B18 -> 9.5777778 | F18: =D18*12 -> 10344
... B29: 400 | C29: =IF(B29<=Premissas!$D$7,Premissas!$B$7,IF(B29<=Premissas!$D$8,Premissas!$B$8,IF(B29<=Premissas!$D$9,Premissas!$B$9,Premissas!$B$10))) -> Corporativo | D29: =Premissas!$E$7+MAX(0,MIN(B29,Premissas!$D$8)-Premissas!$D$7)*Premissas!$E$8+MAX(0,MIN(B29,Premissas!$D$9)-Premissas!$D$8)*Premissas!$E$9+MAX(0,B29-Premissas!$D$9)*Premissas!$E$10 -> 4461 | E29: =D29/B29 -> 11.1525 | F29: =D29*12 -> 53532
B31: O fundo azul marca 120 unidades: é o ponto mais barato por apartamento (fundo da curva em U). Abaixo dele o valor fixo pesa mais; acima dele entra a faixa Corporativo, com entregas adicionais.
