Workbook

Sheet Condomínios Catanduva
B2: Condomínios verticais de Catanduva/SP — 106 identificados
B3: Nome, endereço e bairro vêm de fontes públicas. A coluna Unidades é amarela porque precisa ser confirmada em campo.
B6: # | C6: Condomínio | D6: Endereço | E6: Bairro | F6: Tipo | G6: Já é cliente? | H6: Unidades | I6: Faixa | J6: Mensalidade | K6: Receita 12 meses | L6: Síndico | M6: Telefone | N6: Status | O6: Observações
B7: 1 | C7: Condomínio Edifício Alagoas | D7: Rua Alagoas, 340 | E7: Centro | F7: Residencial | I7: =IF(H7="","",IF(H7<=Preço!$C$7,Preço!$B$7,IF(H7<=Preço!$C$8,Preço!$B$8,IF(H7<=Preço!$C$9,Preço!$B$9,Preço!$B$10)))) | J7: =IF(H7="","",Preço!$D$7+MAX(0,MIN(H7,Preço!$C$8)-Preço!$C$7)*Preço!$D$8+MAX(0,MIN(H7,Preço!$C$9)-Preço!$C$8)*Preço!$D$9+MAX(0,H7-Preço!$C$9)*Preço!$D$10) | K7: =IF(H7="","",J7*12)
B8: 2 | C8: Condomínio Edifício Amazonas | D8: Rua Minas Gerais, 106 | E8: Centro | F8: Residencial | I8: =IF(H8="","",IF(H8<=Preço!$C$7,Preço!$B$7,IF(H8<=Preço!$C$8,Preço!$B$8,IF(H8<=Preço!$C$9,Preço!$B$9,Preço!$B$10)))) | J8: =IF(H8="","",Preço!$D$7+MAX(0,MIN(H8,Preço!$C$8)-Preço!$C$7)*Preço!$D$8+MAX(0,MIN(H8,Preço!$C$9)-Preço!$C$8)*Preço!$D$9+MAX(0,H8-Preço!$C$9)*Preço!$D$10) | K8: =IF(H8="","",J8*12)
B9: 3 | C9: Condomínio Edifício Arnaldo Bittencourt | D9: Rua Sergipe, 197 | E9: Centro | F9: Residencial | I9: =IF(H9="","",IF(H9<=Preço!$C$7,Preço!$B$7,IF(H9<=Preço!$C$8,Preço!$B$8,IF(H9<=Preço!$C$9,Preço!$B$9,Preço!$B$10)))) | J9: =IF(H9="","",Preço!$D$7+MAX(0,MIN(H9,Preço!$C$8)-Preço!$C$7)*Preço!$D$8+MAX(0,MIN(H9,Preço!$C$9)-Preço!$C$8)*Preço!$D$9+MAX(0,H9-Preço!$C$9)*Preço!$D$10) | K9: =IF(H9="","",J9*12)
B10: 4 | C10: Condomínio Edifício Arquiteto Roberto Yazigi | D10: Rua 13 de Maio, 337 | E10: Centro | F10: Residencial | I10: =IF(H10="","",IF(H10<=Preço!$C$7,Preço!$B$7,IF(H10<=Preço!$C$8,Preço!$B$8,IF(H10<=Preço!$C$9,Preço!$B$9,Preço!$B$10)))) | J10: =IF(H10="","",Preço!$D$7+MAX(0,MIN(H10,Preço!$C$8)-Preço!$C$7)*Preço!$D$8+MAX(0,MIN(H10,Preço!$C$9)-Preço!$C$8)*Preço!$D$9+MAX(0,H10-Preço!$C$9)*Preço!$D$10) | K10: =IF(H10="","",J10*12)
B11: 5 | C11: Condomínio Edifício Bahia | D11: Rua Bahia, 321 | E11: Centro | F11: Residencial | I11: =IF(H11="","",IF(H11<=Preço!$C$7,Preço!$B$7,IF(H11<=Preço!$C$8,Preço!$B$8,IF(H11<=Preço!$C$9,Preço!$B$9,Preço!$B$10)))) | J11: =IF(H11="","",Preço!$D$7+MAX(0,MIN(H11,Preço!$C$8)-Preço!$C$7)*Preço!$D$8+MAX(0,MIN(H11,Preço!$C$9)-Preço!$C$8)*Preço!$D$9+MAX(0,H11-Preço!$C$9)*Preço!$D$10) | K11: =IF(H11="","",J11*12)
B12: 6 | C12: Condomínio Edifício Caiobá | D12: Rua Ceará, 712 | E12: Centro | F12: Residencial | I12: =IF(H12="","",IF(H12<=Preço!$C$7,Preço!$B$7,IF(H12<=Preço!$C$8,Preço!$B$8,IF(H12<=Preço!$C$9,Preço!$B$9,Preço!$B$10)))) | J12: =IF(H12="","",Preço!$D$7+MAX(0,MIN(H12,Preço!$C$8)-Preço!$C$7)*Preço!$D$8+MAX(0,MIN(H12,Preço!$C$9)-Preço!$C$8)*Preço!$D$9+MAX(0,H12-Preço!$C$9)*Preço!$D$10) | K12: =IF(H12="","",J12*12)
B13: 7 | C13: Condomínio Edifício Catanduva Center Comercial | D13: Rua Treze de Maio, 271 | E13: Centro | F13: Comercial / não residencial | I13: =IF(H13="","",IF(H13<=Preço!$C$7,Preço!$B$7,IF(H13<=Preço!$C$8,Preço!$B$8,IF(H13<=Preço!$C$9,Preço!$B$9,Preço!$B$10)))) | J13: =IF(H13="","",Preço!$D$7+MAX(0,MIN(H13,Preço!$C$8)-Preço!$C$7)*Preço!$D$8+MAX(0,MIN(H13,Preço!$C$9)-Preço!$C$8)*Preço!$D$9+MAX(0,H13-Preço!$C$9)*Preço!$D$10) | K13: =IF(H13="","",J13*12)
B14: 8 | C14: Condomínio Edifício Catanduva Shopping Center e Hotel | D14: Praça Monsenhor Albino, 114 | E14: Centro | F14: Comercial / não residencial | I14: =IF(H14="","",IF(H14<=Preço!$C$7,Preço!$B$7,IF(H14<=Preço!$C$8,Preço!$B$8,IF(H14<=Preço!$C$9,Preço!$B$9,Preço!$B$10)))) | J14: =IF(H14="","",Preço!$D$7+MAX(0,MIN(H14,Preço!$C$8)-Preço!$C$7)*Preço!$D$8+MAX(0,MIN(H14,Preço!$C$9)-Preço!$C$8)*Preço!$D$9+MAX(0,H14-Preço!$C$9)*Preço!$D$10) | K14: =IF(H14="","",J14*12)
B15: 9 | C15: Condomínio Edifício Comendador Elias Wady | D15: Rua Pernambuco, 267 | E15: Centro | F15: Residencial | I15: =IF(H15="","",IF(H15<=Preço!$C$7,Preço!$B$7,IF(H15<=Preço!$C$8,Preço!$B$8,IF(H15<=Preço!$C$9,Preço!$B$9,Preço!$B$10)))) | J15: =IF(H15="","",Preço!$D$7+MAX(0,MIN(H15,Preço!$C$8)-Preço!$C$7)*Preço!$D$8+MAX(0,MIN(H15,Preço!$C$9)-Preço!$C$8)*Preço!$D$9+MAX(0,H15-Preço!$C$9)*Preço!$D$10) | K15: =IF(H15="","",J15*12)
B16: 10 | C16: Condomínio Edifício Comercial Minas Center | D16: Rua 21 de Abril, 466 | E16: Centro | F16: Comercial / não residencial | I16: =IF(H16="","",IF(H16<=Preço!$C$7,Preço!$B$7,IF(H16<=Preço!$C$8,Preço!$B$8,IF(H16<=Preço!$C$9,Preço!$B$9,Preço!$B$10)))) | J16: =IF(H16="","",Preço!$D$7+MAX(0,MIN(H16,Preço!$C$8)-Preço!$C$7)*Preço!$D$8+MAX(0,MIN(H16,Preço!$C$9)-Preço!$C$8)*Preço!$D$9+MAX(0,H16-Preço!$C$9)*Preço!$D$10) | K16: =IF(H16="","",J16*12)
B17: 11 | C17: Condomínio Edifício Conjunto Residencial Ilhas Gregas | D17: Rua Sergipe, 609 | E17: Centro | F17: Residencial | I17: =IF(H17="","",IF(H17<=Preço!$C$7,Preço!$B$7,IF(H17<=Preço!$C$8,Preço!$B$8,IF(H17<=Preço!$C$9,Preço!$B$9,Preço!$B$10)))) | J17: =IF(H17="","",Preço!$D$7+MAX(0,MIN(H17,Preço!$C$8)-Preço!$C$7)*Preço!$D$8+MAX(0,MIN(H17,Preço!$C$9)-Preço!$C$8)*Preço!$D$9+MAX(0,H17-Preço!$C$9)*Preço!$D$10) | K17: =IF(H17="","",J17*12)
B18: 12 | C18: Condomínio Edifício Drogasil-Catanduva | D18: Rua Brasil, 648 | E18: Centro | F18: Comercial / não residencial | I18: =IF(H18="","",IF(H18<=Preço!$C$7,Preço!$B$7,IF(H18<=Preço!$C$8,Preço!$B$8,IF(H18<=Preço!$C$9,Preço!$B$9,Preço!$B$10)))) | J18: =IF(H18="","",Preço!$D$7+MAX(0,MIN(H18,Preço!$C$8)-Preço!$C$7)*Preço!$D$8+MAX(0,MIN(H18,Preço!$C$9)-Preço!$C$8)*Preço!$D$9+MAX(0,H18-Preço!$C$9)*Preço!$D$10) | K18: =IF(H18="","",J18*12)
... B22: 16 | C22: Condomínio Edifício Giselda | D22: Rua Minas Gerais, 155 | E22: Centro | F22: Residencial | I22: =IF(H22="","",IF(H22<=Preço!$C$7,Preço!$B$7,IF(H22<=Preço!$C$8,Preço!$B$8,IF(H22<=Preço!$C$9,Preço!$B$9,Preço!$B$10)))) | J22: =IF(H22="","",Preço!$D$7+MAX(0,MIN(H22,Preço!$C$8)-Preço!$C$7)*Preço!$D$8+MAX(0,MIN(H22,Preço!$C$9)-Preço!$C$8)*Preço!$D$9+MAX(0,H22-Preço!$C$9)*Preço!$D$10) | K22: =IF(H22="","",J22*12)
B23: 17 | C23: Condomínio Edifício Grão Pará | D23: Rua Pará, 353 | E23: Centro | F23: Residencial | G23: SIM | I23: =IF(H23="","",IF(H23<=Preço!$C$7,Preço!$B$7,IF(H23<=Preço!$C$8,Preço!$B$8,IF(H23<=Preço!$C$9,Preço!$B$9,Preço!$B$10)))) | J23: =IF(H23="","",Preço!$D$7+MAX(0,MIN(H23,Preço!$C$8)-Preço!$C$7)*Preço!$D$8+MAX(0,MIN(H23,Preço!$C$9)-Preço!$C$8)*Preço!$D$9+MAX(0,H23-Preço!$C$9)*Preço!$D$10) | K23: =IF(H23="","",J23*12)
B24: 18 | C24: Condomínio Edifício João Alonso Garcia | D24: Praça 9 de Julho, 131 | E24: Centro | F24: Residencial | I24: =IF(H24="","",IF(H24<=Preço!$C$7,Preço!$B$7,IF(H24<=Preço!$C$8,Preço!$B$8,IF(H24<=Preço!$C$9,Preço!$B$9,Preço!$B$10)))) | J24: =IF(H24="","",Preço!$D$7+MAX(0,MIN(H24,Preço!$C$8)-Preço!$C$7)*Preço!$D$8+MAX(0,MIN(H24,Preço!$C$9)-Preço!$C$8)*Preço!$D$9+MAX(0,H24-Preço!$C$9)*Preço!$D$10) | K24: =IF(H24="","",J24*12)
B25: 19 | C25: Condomínio Edifício Magoga | D25: Rua Alagoas, 411 | E25: Centro | F25: Residencial | I25: =IF(H25="","",IF(H25<=Preço!$C$7,Preço!$B$7,IF(H25<=Preço!$C$8,Preço!$B$8,IF(H25<=Preço!$C$9,Preço!$B$9,Preço!$B$10)))) | J25: =IF(H25="","",Preço!$D$7+MAX(0,MIN(H25,Preço!$C$8)-Preço!$C$7)*Preço!$D$8+MAX(0,MIN(H25,Preço!$C$9)-Preço!$C$8)*Preço!$D$9+MAX(0,H25-Preço!$C$9)*Preço!$D$10) | K25: =IF(H25="","",J25*12)
B26: 20 | C26: Condomínio Edifício Manaus | D26: Rua Manaus, 425 | E26: Centro | F26: Residencial | I26: =IF(H26="","",IF(H26<=Preço!$C$7,Preço!$B$7,IF(H26<=Preço!$C$8,Preço!$B$8,IF(H26<=Preço!$C$9,Preço!$B$9,Preço!$B$10)))) | J26: =IF(H26="","",Preço!$D$7+MAX(0,MIN(H26,Preço!$C$8)-Preço!$C$7)*Preço!$D$8+MAX(0,MIN(H26,Preço!$C$9)-Preço!$C$8)*Preço!$D$9+MAX(0,H26-Preço!$C$9)*Preço!$D$10) | K26: =IF(H26="","",J26*12)
B27: 21 | C27: Condomínio Edifício Marcílio Patriani | D27: Rua Pará, 433 | E27: Centro | F27: Residencial | I27: =IF(H27="","",IF(H27<=Preço!$C$7,Preço!$B$7,IF(H27<=Preço!$C$8,Preço!$B$8,IF(H27<=Preço!$C$9,Preço!$B$9,Preço!$B$10)))) | J27: =IF(H27="","",Preço!$D$7+MAX(0,MIN(H27,Preço!$C$8)-Preço!$C$7)*Preço!$D$8+MAX(0,MIN(H27,Preço!$C$9)-Preço!$C$8)*Preço!$D$9+MAX(0,H27-Preço!$C$9)*Preço!$D$10) | K27: =IF(H27="","",J27*12)
B28: 22 | C28: Condomínio Edifício Mediterrâneo | D28: Rua Bahia, 27 | E28: Centro | F28: Residencial | I28: =IF(H28="","",IF(H28<=Preço!$C$7,Preço!$B$7,IF(H28<=Preço!$C$8,Preço!$B$8,IF(H28<=Preço!$C$9,Preço!$B$9,Preço!$B$10)))) | J28: =IF(H28="","",Preço!$D$7+MAX(0,MIN(H28,Preço!$C$8)-Preço!$C$7)*Preço!$D$8+MAX(0,MIN(H28,Preço!$C$9)-Preço!$C$8)*Preço!$D$9+MAX(0,H28-Preço!$C$9)*Preço!$D$10) | K28: =IF(H28="","",J28*12)
B29: 23 | C29: Condomínio Edifício Monsenhor Albino | D29: Rua Bahia, 55 | E29: Centro | F29: Residencial | I29: =IF(H29="","",IF(H29<=Preço!$C$7,Preço!$B$7,IF(H29<=Preço!$C$8,Preço!$B$8,IF(H29<=Preço!$C$9,Preço!$B$9,Preço!$B$10)))) | J29: =IF(H29="","",Preço!$D$7+MAX(0,MIN(H29,Preço!$C$8)-Preço!$C$7)*Preço!$D$8+MAX(0,MIN(H29,Preço!$C$9)-Preço!$C$8)*Preço!$D$9+MAX(0,H29-Preço!$C$9)*Preço!$D$10) | K29: =IF(H29="","",J29*12)
B30: 24 | C30: Condomínio Edifício Professor Raul do Prado Vianna | D30: Rua Ceará, 527 | E30: Centro | F30: Residencial | I30: =IF(H30="","",IF(H30<=Preço!$C$7,Preço!$B$7,IF(H30<=Preço!$C$8,Preço!$B$8,IF(H30<=Preço!$C$9,Preço!$B$9,Preço!$B$10)))) | J30: =IF(H30="","",Preço!$D$7+MAX(0,MIN(H30,Preço!$C$8)-Preço!$C$7)*Preço!$D$8+MAX(0,MIN(H30,Preço!$C$9)-Preço!$C$8)*Preço!$D$9+MAX(0,H30-Preço!$C$9)*Preço!$D$10) | K30: =IF(H30="","",J30*12)
B31: 25 | C31: Condomínio Edifício Renato Ribeiro | D31: Rua Aracaju, 381 | E31: Centro | F31: Residencial | I31: =IF(H31="","",IF(H31<=Preço!$C$7,Preço!$B$7,IF(H31<=Preço!$C$8,Preço!$B$8,IF(H31<=Preço!$C$9,Preço!$B$9,Preço!$B$10)))) | J31: =IF(H31="","",Preço!$D$7+MAX(0,MIN(H31,Preço!$C$8)-Preço!$C$7)*Preço!$D$8+MAX(0,MIN(H31,Preço!$C$9)-Preço!$C$8)*Preço!$D$9+MAX(0,H31-Preço!$C$9)*Preço!$D$10) | K31: =IF(H31="","",J31*12)
B32: 26 | C32: Condomínio Edifício Residencial Acapulco | D32: Rua Bahia, 521 | E32: Centro | F32: Residencial | I32: =IF(H32="","",IF(H32<=Preço!$C$7,Preço!$B$7,IF(H32<=Preço!$C$8,Preço!$B$8,IF(H32<=Preço!$C$9,Preço!$B$9,Preço!$B$10)))) | J32: =IF(H32="","",Preço!$D$7+MAX(0,MIN(H32,Preço!$C$8)-Preço!$C$7)*Preço!$D$8+MAX(0,MIN(H32,Preço!$C$9)-Preço!$C$8)*Preço!$D$9+MAX(0,H32-Preço!$C$9)*Preço!$D$10) | K32: =IF(H32="","",J32*12)
B33: 27 | C33: Condomínio Edifício Residencial Antônio Dispore | D33: Rua Recife, 585 | E33: Centro | F33: Residencial | I33: =IF(H33="","",IF(H33<=Preço!$C$7,Preço!$B$7,IF(H33<=Preço!$C$8,Preço!$B$8,IF(H33<=Preço!$C$9,Preço!$B$9,Preço!$B$10)))) | J33: =IF(H33="","",Preço!$D$7+MAX(0,MIN(H33,Preço!$C$8)-Preço!$C$7)*Preço!$D$8+MAX(0,MIN(H33,Preço!$C$9)-Preço!$C$8)*Preço!$D$9+MAX(0,H33-Preço!$C$9)*Preço!$D$10) | K33: =IF(H33="","",J33*12)
B34: 28 | C34: Condomínio Edifício Residencial Barcelona | D34: Rua Ceará, 550 | E34: Centro | F34: Residencial | I34: =IF(H34="","",IF(H34<=Preço!$C$7,Preço!$B$7,IF(H34<=Preço!$C$8,Preço!$B$8,IF(H34<=Preço!$C$9,Preço!$B$9,Preço!$B$10)))) | J34: =IF(H34="","",Preço!$D$7+MAX(0,MIN(H34,Preço!$C$8)-Preço!$C$7)*Preço!$D$8+MAX(0,MIN(H34,Preço!$C$9)-Preço!$C$8)*Preço!$D$9+MAX(0,H34-Preço!$C$9)*Preço!$D$10) | K34: =IF(H34="","",J34*12)
B35: 29 | C35: Condomínio Edifício Residencial Fabiano Ramos | D35: Rua Maranhão, 1560 | E35: Centro | F35: Residencial | I35: =IF(H35="","",IF(H35<=Preço!$C$7,Preço!$B$7,IF(H35<=Preço!$C$8,Preço!$B$8,IF(H35<=Preço!$C$9,Preço!$B$9,Preço!$B$10)))) | J35: =IF(H35="","",Preço!$D$7+MAX(0,MIN(H35,Preço!$C$8)-Preço!$C$7)*Preço!$D$8+MAX(0,MIN(H35,Preço!$C$9)-Preço!$C$8)*Preço!$D$9+MAX(0,H35-Preço!$C$9)*Preço!$D$10) | K35: =IF(H35="","",J35*12)
... B41: 35 | C41: Condomínio Edifício Residencial Veneza | D41: Rua Amazonas, 290 | E41: Centro | F41: Residencial | I41: =IF(H41="","",IF(H41<=Preço!$C$7,Preço!$B$7,IF(H41<=Preço!$C$8,Preço!$B$8,IF(H41<=Preço!$C$9,Preço!$B$9,Preço!$B$10)))) | J41: =IF(H41="","",Preço!$D$7+MAX(0,MIN(H41,Preço!$C$8)-Preço!$C$7)*Preço!$D$8+MAX(0,MIN(H41,Preço!$C$9)-Preço!$C$8)*Preço!$D$9+MAX(0,H41-Preço!$C$9)*Preço!$D$10) | K41: =IF(H41="","",J41*12)
B42: 36 | C42: Condomínio Edifício Rio Negro | D42: Rua Belém, 15 | E42: Centro | F42: Residencial | G42: SIM | I42: =IF(H42="","",IF(H42<=Preço!$C$7,Preço!$B$7,IF(H42<=Preço!$C$8,Preço!$B$8,IF(H42<=Preço!$C$9,Preço!$B$9,Preço!$B$10)))) | J42: =IF(H42="","",Preço!$D$7+MAX(0,MIN(H42,Preço!$C$8)-Preço!$C$7)*Preço!$D$8+MAX(0,MIN(H42,Preço!$C$9)-Preço!$C$8)*Preço!$D$9+MAX(0,H42-Preço!$C$9)*Preço!$D$10) | K42: =IF(H42="","",J42*12)
B43: 37 | C43: Condomínio Edifício Roque Barba | D43: Rua 13 de Maio, 341 | E43: Centro | F43: Residencial | I43: =IF(H43="","",IF(H43<=Preço!$C$7,Preço!$B$7,IF(H43<=Preço!$C$8,Preço!$B$8,IF(H43<=Preço!$C$9,Preço!$B$9,Preço!$B$10)))) | J43: =IF(H43="","",Preço!$D$7+MAX(0,MIN(H43,Preço!$C$8)-Preço!$C$7)*Preço!$D$8+MAX(0,MIN(H43,Preço!$C$9)-Preço!$C$8)*Preço!$D$9+MAX(0,H43-Preço!$C$9)*Preço!$D$10) | K43: =IF(H43="","",J43*12)
B44: 38 | C44: Condomínio Edifício Santa Cruz | D44: Rua Aracaju, 390 | E44: Centro | F44: Residencial | I44: =IF(H44="","",IF(H44<=Preço!$C$7,Preço!$B$7,IF(H44<=Preço!$C$8,Preço!$B$8,IF(H44<=Preço!$C$9,Preço!$B$9,Preço!$B$10)))) | J44: =IF(H44="","",Preço!$D$7+MAX(0,MIN(H44,Preço!$C$8)-Preço!$C$7)*Preço!$D$8+MAX(0,MIN(H44,Preço!$C$9)-Preço!$C$8)*Preço!$D$9+MAX(0,H44-Preço!$C$9)*Preço!$D$10) | K44: =IF(H44="","",J44*12)
B45: 39 | C45: Condomínio Edifício Shangri-La | D45: Rua Aracaju, 545 | E45: Centro | F45: Residencial | I45: =IF(H45="","",IF(H45<=Preço!$C$7,Preço!$B$7,IF(H45<=Preço!$C$8,Preço!$B$8,IF(H45<=Preço!$C$9,Preço!$B$9,Preço!$B$10)))) | J45: =IF(H45="","",Preço!$D$7+MAX(0,MIN(H45,Preço!$C$8)-Preço!$C$7)*Preço!$D$8+MAX(0,MIN(H45,Preço!$C$9)-Preço!$C$8)*Preço!$D$9+MAX(0,H45-Preço!$C$9)*Preço!$D$10) | K45: =IF(H45="","",J45*12)
B46: 40 | C46: Condomínio Edifício Veredas do Sol | D46: Rua Alagoas, 724 | E46: Centro | F46: Residencial | G46: SIM | I46: =IF(H46="","",IF(H46<=Preço!$C$7,Preço!$B$7,IF(H46<=Preço!$C$8,Preço!$B$8,IF(H46<=Preço!$C$9,Preço!$B$9,Preço!$B$10)))) | J46: =IF(H46="","",Preço!$D$7+MAX(0,MIN(H46,Preço!$C$8)-Preço!$C$7)*Preço!$D$8+MAX(0,MIN(H46,Preço!$C$9)-Preço!$C$8)*Preço!$D$9+MAX(0,H46-Preço!$C$9)*Preço!$D$10) | K46: =IF(H46="","",J46*12)
B47: 41 | C47: Condomínio Edifício do Café | D47: Praça da República, 6 | E47: Centro | F47: Residencial | I47: =IF(H47="","",IF(H47<=Preço!$C$7,Preço!$B$7,IF(H47<=Preço!$C$8,Preço!$B$8,IF(H47<=Preço!$C$9,Preço!$B$9,Preço!$B$10)))) | J47: =IF(H47="","",Preço!$D$7+MAX(0,MIN(H47,Preço!$C$8)-Preço!$C$7)*Preço!$D$8+MAX(0,MIN(H47,Preço!$C$9)-Preço!$C$8)*Preço!$D$9+MAX(0,H47-Preço!$C$9)*Preço!$D$10) | K47: =IF(H47="","",J47*12)
B48: 42 | C48: Condomínio Edifício Ângela Mastrocola | D48: Praça da República, 120 | E48: Centro | F48: Residencial | I48: =IF(H48="","",IF(H48<=Preço!$C$7,Preço!$B$7,IF(H48<=Preço!$C$8,Preço!$B$8,IF(H48<=Preço!$C$9,Preço!$B$9,Preço!$B$10)))) | J48: =IF(H48="","",Preço!$D$7+MAX(0,MIN(H48,Preço!$C$8)-Preço!$C$7)*Preço!$D$8+MAX(0,MIN(H48,Preço!$C$9)-Preço!$C$8)*Preço!$D$9+MAX(0,H48-Preço!$C$9)*Preço!$D$10) | K48: =IF(H48="","",J48*12)
B49: 43 | C49: Condomínio Residencial Antônio Simieli | D49: Rua Minas Gerais, 180 | E49: Centro | F49: Residencial | I49: =IF(H49="","",IF(H49<=Preço!$C$7,Preço!$B$7,IF(H49<=Preço!$C$8,Preço!$B$8,IF(H49<=Preço!$C$9,Preço!$B$9,Preço!$B$10)))) | J49: =IF(H49="","",Preço!$D$7+MAX(0,MIN(H49,Preço!$C$8)-Preço!$C$7)*Preço!$D$8+MAX(0,MIN(H49,Preço!$C$9)-Preço!$C$8)*Preço!$D$9+MAX(0,H49-Preço!$C$9)*Preço!$D$10) | K49: =IF(H49="","",J49*12)
B50: 44 | C50: Condomínio Residencial Aurélio Righini | D50: Rua Treze de Maio, 1779 | E50: Centro | F50: Residencial | I50: =IF(H50="","",IF(H50<=Preço!$C$7,Preço!$B$7,IF(H50<=Preço!$C$8,Preço!$B$8,IF(H50<=Preço!$C$9,Preço!$B$9,Preço!$B$10)))) | J50: =IF(H50="","",Preço!$D$7+MAX(0,MIN(H50,Preço!$C$8)-Preço!$C$7)*Preço!$D$8+MAX(0,MIN(H50,Preço!$C$9)-Preço!$C$8)*Preço!$D$9+MAX(0,H50-Preço!$C$9)*Preço!$D$10) | K50: =IF(H50="","",J50*12)
B51: 45 | C51: Condomínio Residencial Bahia | D51: Rua Bahia, 1303 | E51: Centro | F51: Residencial | I51: =IF(H51="","",IF(H51<=Preço!$C$7,Preço!$B$7,IF(H51<=Preço!$C$8,Preço!$B$8,IF(H51<=Preço!$C$9,Preço!$B$9,Preço!$B$10)))) | J51: =IF(H51="","",Preço!$D$7+MAX(0,MIN(H51,Preço!$C$8)-Preço!$C$7)*Preço!$D$8+MAX(0,MIN(H51,Preço!$C$9)-Preço!$C$8)*Preço!$D$9+MAX(0,H51-Preço!$C$9)*Preço!$D$10) | K51: =IF(H51="","",J51*12)
B52: 46 | C52: Condomínio Residencial Cuiabá | D52: Rua Cuiabá, 1535 | E52: Centro | F52: Residencial | I52: =IF(H52="","",IF(H52<=Preço!$C$7,Preço!$B$7,IF(H52<=Preço!$C$8,Preço!$B$8,IF(H52<=Preço!$C$9,Preço!$B$9,Preço!$B$10)))) | J52: =IF(H52="","",Preço!$D$7+MAX(0,MIN(H52,Preço!$C$8)-Preço!$C$7)*Preço!$D$8+MAX(0,MIN(H52,Preço!$C$9)-Preço!$C$8)*Preço!$D$9+MAX(0,H52-Preço!$C$9)*Preço!$D$10) | K52: =IF(H52="","",J52*12)
B53: 47 | C53: Condomínio Residencial Escala | D53: Praça Nove de Julho, 176 | E53: Centro | F53: Residencial | I53: =IF(H53="","",IF(H53<=Preço!$C$7,Preço!$B$7,IF(H53<=Preço!$C$8,Preço!$B$8,IF(H53<=Preço!$C$9,Preço!$B$9,Preço!$B$10)))) | J53: =IF(H53="","",Preço!$D$7+MAX(0,MIN(H53,Preço!$C$8)-Preço!$C$7)*Preço!$D$8+MAX(0,MIN(H53,Preço!$C$9)-Preço!$C$8)*Preço!$D$9+MAX(0,H53-Preço!$C$9)*Preço!$D$10) | K53: =IF(H53="","",J53*12)
B54: 48 | C54: Condomínio Residencial Fuad Bauab | D54: Rua 13 de Maio, 842 | E54: Centro | F54: Residencial | I54: =IF(H54="","",IF(H54<=Preço!$C$7,Preço!$B$7,IF(H54<=Preço!$C$8,Preço!$B$8,IF(H54<=Preço!$C$9,Preço!$B$9,Preço!$B$10)))) | J54: =IF(H54="","",Preço!$D$7+MAX(0,MIN(H54,Preço!$C$8)-Preço!$C$7)*Preço!$D$8+MAX(0,MIN(H54,Preço!$C$9)-Preço!$C$8)*Preço!$D$9+MAX(0,H54-Preço!$C$9)*Preço!$D$10) | K54: =IF(H54="","",J54*12)
B55: 49 | C55: Condomínio Residencial Itamaracá | D55: Rua Fortaleza, 365 | E55: Centro | F55: Residencial | I55: =IF(H55="","",IF(H55<=Preço!$C$7,Preço!$B$7,IF(H55<=Preço!$C$8,Preço!$B$8,IF(H55<=Preço!$C$9,Preço!$B$9,Preço!$B$10)))) | J55: =IF(H55="","",Preço!$D$7+MAX(0,MIN(H55,Preço!$C$8)-Preço!$C$7)*Preço!$D$8+MAX(0,MIN(H55,Preço!$C$9)-Preço!$C$8)*Preço!$D$9+MAX(0,H55-Preço!$C$9)*Preço!$D$10) | K55: =IF(H55="","",J55*12)
B56: 50 | C56: Condomínio Residencial Itapoá | D56: Rua Pernambuco, 340 | E56: Centro | F56: Residencial | I56: =IF(H56="","",IF(H56<=Preço!$C$7,Preço!$B$7,IF(H56<=Preço!$C$8,Preço!$B$8,IF(H56<=Preço!$C$9,Preço!$B$9,Preço!$B$10)))) | J56: =IF(H56="","",Preço!$D$7+MAX(0,MIN(H56,Preço!$C$8)-Preço!$C$7)*Preço!$D$8+MAX(0,MIN(H56,Preço!$C$9)-Preço!$C$8)*Preço!$D$9+MAX(0,H56-Preço!$C$9)*Preço!$D$10) | K56: =IF(H56="","",J56*12)
B57: 51 | C57: Condomínio Residencial Jardim do Bosque | D57: Av. Daniel Soubhia, 1370 | E57: Centro | F57: Residencial | I57: =IF(H57="","",IF(H57<=Preço!$C$7,Preço!$B$7,IF(H57<=Preço!$C$8,Preço!$B$8,IF(H57<=Preço!$C$9,Preço!$B$9,Preço!$B$10)))) | J57: =IF(H57="","",Preço!$D$7+MAX(0,MIN(H57,Preço!$C$8)-Preço!$C$7)*Preço!$D$8+MAX(0,MIN(H57,Preço!$C$9)-Preço!$C$8)*Preço!$D$9+MAX(0,H57-Preço!$C$9)*Preço!$D$10) | K57: =IF(H57="","",J57*12)
B58: 52 | C58: Condomínio Residencial Pontal da Barra | D58: Rua Alagoas, 944 | E58: Centro | F58: Residencial | I58: =IF(H58="","",IF(H58<=Preço!$C$7,Preço!$B$7,IF(H58<=Preço!$C$8,Preço!$B$8,IF(H58<=Preço!$C$9,Preço!$B$9,Preço!$B$10)))) | J58: =IF(H58="","",Preço!$D$7+MAX(0,MIN(H58,Preço!$C$8)-Preço!$C$7)*Preço!$D$8+MAX(0,MIN(H58,Preço!$C$9)-Preço!$C$8)*Preço!$D$9+MAX(0,H58-Preço!$C$9)*Preço!$D$10) | K58: =IF(H58="","",J58*12)
... B67: 61 | C67: Condomínio Residencial João Rojas Frias | D67: Rua 14 de Abril, 548 | E67: Higienópolis | F67: Residencial | I67: =IF(H67="","",IF(H67<=Preço!$C$7,Preço!$B$7,IF(H67<=Preço!$C$8,Preço!$B$8,IF(H67<=Preço!$C$9,Preço!$B$9,Preço!$B$10)))) | J67: =IF(H67="","",Preço!$D$7+MAX(0,MIN(H67,Preço!$C$8)-Preço!$C$7)*Preço!$D$8+MAX(0,MIN(H67,Preço!$C$9)-Preço!$C$8)*Preço!$D$9+MAX(0,H67-Preço!$C$9)*Preço!$D$10) | K67: =IF(H67="","",J67*12)
B68: 62 | C68: Condomínio Edifício Residencial Santos Dumont | D68: Av. Deputado Orlando Zancaner, 105 | E68: Jardim Amêndola | F68: Residencial | G68: SIM | I68: =IF(H68="","",IF(H68<=Preço!$C$7,Preço!$B$7,IF(H68<=Preço!$C$8,Preço!$B$8,IF(H68<=Preço!$C$9,Preço!$B$9,Preço!$B$10)))) | J68: =IF(H68="","",Preço!$D$7+MAX(0,MIN(H68,Preço!$C$8)-Preço!$C$7)*Preço!$D$8+MAX(0,MIN(H68,Preço!$C$9)-Preço!$C$8)*Preço!$D$9+MAX(0,H68-Preço!$C$9)*Preço!$D$10) | K68: =IF(H68="","",J68*12)
B69: 63 | C69: Condomínio Residencial Gabriela | D69: Rua São Carlos, 1117 | E69: Jardim Belém | F69: Residencial | I69: =IF(H69="","",IF(H69<=Preço!$C$7,Preço!$B$7,IF(H69<=Preço!$C$8,Preço!$B$8,IF(H69<=Preço!$C$9,Preço!$B$9,Preço!$B$10)))) | J69: =IF(H69="","",Preço!$D$7+MAX(0,MIN(H69,Preço!$C$8)-Preço!$C$7)*Preço!$D$8+MAX(0,MIN(H69,Preço!$C$9)-Preço!$C$8)*Preço!$D$9+MAX(0,H69-Preço!$C$9)*Preço!$D$10) | K69: =IF(H69="","",J69*12)
B70: 64 | C70: Residencial Casa de Atenas | D70: Rua Uruguaiana, 2221 | E70: Jardim Glória | F70: Residencial | I70: =IF(H70="","",IF(H70<=Preço!$C$7,Preço!$B$7,IF(H70<=Preço!$C$8,Preço!$B$8,IF(H70<=Preço!$C$9,Preço!$B$9,Preço!$B$10)))) | J70: =IF(H70="","",Preço!$D$7+MAX(0,MIN(H70,Preço!$C$8)-Preço!$C$7)*Preço!$D$8+MAX(0,MIN(H70,Preço!$C$9)-Preço!$C$8)*Preço!$D$9+MAX(0,H70-Preço!$C$9)*Preço!$D$10) | K70: =IF(H70="","",J70*12)
B71: 65 | C71: Residencial Casa de Viena | D71: Rua Uruguaiana, 2157 | E71: Jardim Glória | F71: Residencial | I71: =IF(H71="","",IF(H71<=Preço!$C$7,Preço!$B$7,IF(H71<=Preço!$C$8,Preço!$B$8,IF(H71<=Preço!$C$9,Preço!$B$9,Preço!$B$10)))) | J71: =IF(H71="","",Preço!$D$7+MAX(0,MIN(H71,Preço!$C$8)-Preço!$C$7)*Preço!$D$8+MAX(0,MIN(H71,Preço!$C$9)-Preço!$C$8)*Preço!$D$9+MAX(0,H71-Preço!$C$9)*Preço!$D$10) | K71: =IF(H71="","",J71*12)
B72: 66 | C72: Condomínio Solar dos Girassóis | D72: Rua Francisco Galli, 112 | E72: Jardim Martani | F72: Residencial | I72: =IF(H72="","",IF(H72<=Preço!$C$7,Preço!$B$7,IF(H72<=Preço!$C$8,Preço!$B$8,IF(H72<=Preço!$C$9,Preço!$B$9,Preço!$B$10)))) | J72: =IF(H72="","",Preço!$D$7+MAX(0,MIN(H72,Preço!$C$8)-Preço!$C$7)*Preço!$D$8+MAX(0,MIN(H72,Preço!$C$9)-Preço!$C$8)*Preço!$D$9+MAX(0,H72-Preço!$C$9)*Preço!$D$10) | K72: =IF(H72="","",J72*12)
B73: 67 | C73: Residencial Parque Casa de Cervantes | D73: Av. Manoel Francisco de Abreu, 272 | E73: Jardim Monte Carlo | F73: Residencial | I73: =IF(H73="","",IF(H73<=Preço!$C$7,Preço!$B$7,IF(H73<=Preço!$C$8,Preço!$B$8,IF(H73<=Preço!$C$9,Preço!$B$9,Preço!$B$10)))) | J73: =IF(H73="","",Preço!$D$7+MAX(0,MIN(H73,Preço!$C$8)-Preço!$C$7)*Preço!$D$8+MAX(0,MIN(H73,Preço!$C$9)-Preço!$C$8)*Preço!$D$9+MAX(0,H73-Preço!$C$9)*Preço!$D$10) | K73: =IF(H73="","",J73*12)
B74: 68 | C74: Condomínio Sunset Student House | D74: Rodovia Alfredo Jorge, 25 | E74: Jardim Oriental | F74: Verificar (estudantil) | I74: =IF(H74="","",IF(H74<=Preço!$C$7,Preço!$B$7,IF(H74<=Preço!$C$8,Preço!$B$8,IF(H74<=Preço!$C$9,Preço!$B$9,Preço!$B$10)))) | J74: =IF(H74="","",Preço!$D$7+MAX(0,MIN(H74,Preço!$C$8)-Preço!$C$7)*Preço!$D$8+MAX(0,MIN(H74,Preço!$C$9)-Preço!$C$8)*Preço!$D$9+MAX(0,H74-Preço!$C$9)*Preço!$D$10) | K74: =IF(H74="","",J74*12)
B75: 69 | C75: Condomínio Residencial Emerald Park | D75: Av. São Vicente de Paulo, 5000 | E75: Jardim Santa Helena | F75: Residencial | I75: =IF(H75="","",IF(H75<=Preço!$C$7,Preço!$B$7,IF(H75<=Preço!$C$8,Preço!$B$8,IF(H75<=Preço!$C$9,Preço!$B$9,Preço!$B$10)))) | J75: =IF(H75="","",Preço!$D$7+MAX(0,MIN(H75,Preço!$C$8)-Preço!$C$7)*Preço!$D$8+MAX(0,MIN(H75,Preço!$C$9)-Preço!$C$8)*Preço!$D$9+MAX(0,H75-Preço!$C$9)*Preço!$D$10) | K75: =IF(H75="","",J75*12)
B76: 70 | C76: Condomínio Residencial Mirante da Bela Vista | D76: Rua Mogi Guaçu, 604 | E76: Jardim Santa Helena | F76: Residencial | I76: =IF(H76="","",IF(H76<=Preço!$C$7,Preço!$B$7,IF(H76<=Preço!$C$8,Preço!$B$8,IF(H76<=Preço!$C$9,Preço!$B$9,Preço!$B$10)))) | J76: =IF(H76="","",Preço!$D$7+MAX(0,MIN(H76,Preço!$C$8)-Preço!$C$7)*Preço!$D$8+MAX(0,MIN(H76,Preço!$C$9)-Preço!$C$8)*Preço!$D$9+MAX(0,H76-Preço!$C$9)*Preço!$D$10) | K76: =IF(H76="","",J76*12)
B77: 71 | C77: Condomínio Residencial Spazio Santa Izabel | D77: Rua Santa Izabel, 33 | E77: Jardim Santa Helena | F77: Residencial | I77: =IF(H77="","",IF(H77<=Preço!$C$7,Preço!$B$7,IF(H77<=Preço!$C$8,Preço!$B$8,IF(H77<=Preço!$C$9,Preço!$B$9,Preço!$B$10)))) | J77: =IF(H77="","",Preço!$D$7+MAX(0,MIN(H77,Preço!$C$8)-Preço!$C$7)*Preço!$D$8+MAX(0,MIN(H77,Preço!$C$9)-Preço!$C$8)*Preço!$D$9+MAX(0,H77-Preço!$C$9)*Preço!$D$10) | K77: =IF(H77="","",J77*12)
B78: 72 | C78: Condomínio Residencial Bela Vista | D78: Rua Taubaté, 1153 | E78: Jardim Soto | F78: Residencial | I78: =IF(H78="","",IF(H78<=Preço!$C$7,Preço!$B$7,IF(H78<=Preço!$C$8,Preço!$B$8,IF(H78<=Preço!$C$9,Preço!$B$9,Preço!$B$10)))) | J78: =IF(H78="","",Preço!$D$7+MAX(0,MIN(H78,Preço!$C$8)-Preço!$C$7)*Preço!$D$8+MAX(0,MIN(H78,Preço!$C$9)-Preço!$C$8)*Preço!$D$9+MAX(0,H78-Preço!$C$9)*Preço!$D$10) | K78: =IF(H78="","",J78*12)
B79: 73 | C79: Condomínio Residencial Jardim das Flores | D79: Rua Cardoso, 43 | E79: Jardim Soto | F79: Residencial | I79: =IF(H79="","",IF(H79<=Preço!$C$7,Preço!$B$7,IF(H79<=Preço!$C$8,Preço!$B$8,IF(H79<=Preço!$C$9,Preço!$B$9,Preço!$B$10)))) | J79: =IF(H79="","",Preço!$D$7+MAX(0,MIN(H79,Preço!$C$8)-Preço!$C$7)*Preço!$D$8+MAX(0,MIN(H79,Preço!$C$9)-Preço!$C$8)*Preço!$D$9+MAX(0,H79-Preço!$C$9)*Preço!$D$10) | K79: =IF(H79="","",J79*12)
B80: 74 | C80: Vista Impper (em obras) | D80: Av. Eng. José Nelson Machado, 1659 | E80: Jardim Soto | F80: Residencial | H80: 160 | I80: =IF(H80="","",IF(H80<=Preço!$C$7,Preço!$B$7,IF(H80<=Preço!$C$8,Preço!$B$8,IF(H80<=Preço!$C$9,Preço!$B$9,Preço!$B$10)))) -> Corporativo | J80: =IF(H80="","",Preço!$D$7+MAX(0,MIN(H80,Preço!$C$8)-Preço!$C$7)*Preço!$D$8+MAX(0,MIN(H80,Preço!$C$9)-Preço!$C$8)*Preço!$D$9+MAX(0,H80-Preço!$C$9)*Preço!$D$10) -> 1605 | K80: =IF(H80="","",J80*12) -> 19260 | O80: 160 unidades e 20 pavimentos (notícia Grupo Impper). Prédio novo — síndico ainda em formação.
B81: 75 | C81: Edifício Residencial Santorini | D81: Rua Lavínia, 150 | E81: Jardim Vertoni | F81: Residencial | G81: SIM | I81: =IF(H81="","",IF(H81<=Preço!$C$7,Preço!$B$7,IF(H81<=Preço!$C$8,Preço!$B$8,IF(H81<=Preço!$C$9,Preço!$B$9,Preço!$B$10)))) | J81: =IF(H81="","",Preço!$D$7+MAX(0,MIN(H81,Preço!$C$8)-Preço!$C$7)*Preço!$D$8+MAX(0,MIN(H81,Preço!$C$9)-Preço!$C$8)*Preço!$D$9+MAX(0,H81-Preço!$C$9)*Preço!$D$10) | K81: =IF(H81="","",J81*12)
B82: 76 | C82: Condomínio Residencial Varandas do Bosque | D82: Rua Campinas, 148 | E82: Jardim do Bosque | F82: Residencial | I82: =IF(H82="","",IF(H82<=Preço!$C$7,Preço!$B$7,IF(H82<=Preço!$C$8,Preço!$B$8,IF(H82<=Preço!$C$9,Preço!$B$9,Preço!$B$10)))) | J82: =IF(H82="","",Preço!$D$7+MAX(0,MIN(H82,Preço!$C$8)-Preço!$C$7)*Preço!$D$8+MAX(0,MIN(H82,Preço!$C$9)-Preço!$C$8)*Preço!$D$9+MAX(0,H82-Preço!$C$9)*Preço!$D$10) | K82: =IF(H82="","",J82*12)
B83: 77 | C83: Condomínio Residencial Jardim Alvorada | D83: Av. Benedito Zancaner, 1219 | E83: Jardim do Lago | F83: Residencial | G83: SIM | I83: =IF(H83="","",IF(H83<=Preço!$C$7,Preço!$B$7,IF(H83<=Preço!$C$8,Preço!$B$8,IF(H83<=Preço!$C$9,Preço!$B$9,Preço!$B$10)))) | J83: =IF(H83="","",Preço!$D$7+MAX(0,MIN(H83,Preço!$C$8)-Preço!$C$7)*Preço!$D$8+MAX(0,MIN(H83,Preço!$C$9)-Preço!$C$8)*Preço!$D$9+MAX(0,H83-Preço!$C$9)*Preço!$D$10) | K83: =IF(H83="","",J83*12)
B84: 78 | C84: Conjunto Esportivo João Crippa | D84: Rua Colina, 65 | E84: Loteamento Cerradinho | F84: Comercial / não residencial | I84: =IF(H84="","",IF(H84<=Preço!$C$7,Preço!$B$7,IF(H84<=Preço!$C$8,Preço!$B$8,IF(H84<=Preço!$C$9,Preço!$B$9,Preço!$B$10)))) | J84: =IF(H84="","",Preço!$D$7+MAX(0,MIN(H84,Preço!$C$8)-Preço!$C$7)*Preço!$D$8+MAX(0,MIN(H84,Preço!$C$9)-Preço!$C$8)*Preço!$D$9+MAX(0,H84-Preço!$C$9)*Preço!$D$10) | K84: =IF(H84="","",J84*12)
B85: 79 | C85: Condomínio Residencial Paineiras | D85: Rua José Frias Garcia, 510 | E85: Nações Unidas | F85: Residencial | I85: =IF(H85="","",IF(H85<=Preço!$C$7,Preço!$B$7,IF(H85<=Preço!$C$8,Preço!$B$8,IF(H85<=Preço!$C$9,Preço!$B$9,Preço!$B$10)))) | J85: =IF(H85="","",Preço!$D$7+MAX(0,MIN(H85,Preço!$C$8)-Preço!$C$7)*Preço!$D$8+MAX(0,MIN(H85,Preço!$C$9)-Preço!$C$8)*Preço!$D$9+MAX(0,H85-Preço!$C$9)*Preço!$D$10) | K85: =IF(H85="","",J85*12)
B86: 80 | C86: Condomínio Manoel Pires Barbosa | D86: Rua Colina, 965 | E86: Parque Glória | F86: Residencial | I86: =IF(H86="","",IF(H86<=Preço!$C$7,Preço!$B$7,IF(H86<=Preço!$C$8,Preço!$B$8,IF(H86<=Preço!$C$9,Preço!$B$9,Preço!$B$10)))) | J86: =IF(H86="","",Preço!$D$7+MAX(0,MIN(H86,Preço!$C$8)-Preço!$C$7)*Preço!$D$8+MAX(0,MIN(H86,Preço!$C$9)-Preço!$C$8)*Preço!$D$9+MAX(0,H86-Preço!$C$9)*Preço!$D$10) | K86: =IF(H86="","",J86*12)
B87: 81 | C87: Condomínio Parque Casa de Leon | D87: Rua Uruguaiana, 1931 | E87: Parque Glória | F87: Residencial | I87: =IF(H87="","",IF(H87<=Preço!$C$7,Preço!$B$7,IF(H87<=Preço!$C$8,Preço!$B$8,IF(H87<=Preço!$C$9,Preço!$B$9,Preço!$B$10)))) | J87: =IF(H87="","",Preço!$D$7+MAX(0,MIN(H87,Preço!$C$8)-Preço!$C$7)*Preço!$D$8+MAX(0,MIN(H87,Preço!$C$9)-Preço!$C$8)*Preço!$D$9+MAX(0,H87-Preço!$C$9)*Preço!$D$10) | K87: =IF(H87="","",J87*12)
B88: 82 | C88: Condomínio Edifício Gaivotas | D88: Rua Morro Agudo, 500 | E88: Parque Iracema | F88: Residencial | I88: =IF(H88="","",IF(H88<=Preço!$C$7,Preço!$B$7,IF(H88<=Preço!$C$8,Preço!$B$8,IF(H88<=Preço!$C$9,Preço!$B$9,Preço!$B$10)))) | J88: =IF(H88="","",Preço!$D$7+MAX(0,MIN(H88,Preço!$C$8)-Preço!$C$7)*Preço!$D$8+MAX(0,MIN(H88,Preço!$C$9)-Preço!$C$8)*Preço!$D$9+MAX(0,H88-Preço!$C$9)*Preço!$D$10) | K88: =IF(H88="","",J88*12)
B89: 83 | C89: Condomínio Edifício Parque Iracema | D89: Rua Morro Agudo, 120 | E89: Parque Iracema | F89: Residencial | I89: =IF(H89="","",IF(H89<=Preço!$C$7,Preço!$B$7,IF(H89<=Preço!$C$8,Preço!$B$8,IF(H89<=Preço!$C$9,Preço!$B$9,Preço!$B$10)))) | J89: =IF(H89="","",Preço!$D$7+MAX(0,MIN(H89,Preço!$C$8)-Preço!$C$7)*Preço!$D$8+MAX(0,MIN(H89,Preço!$C$9)-Preço!$C$8)*Preço!$D$9+MAX(0,H89-Preço!$C$9)*Preço!$D$10) | K89: =IF(H89="","",J89*12)
B90: 84 | C90: Condomínio Residencial Florença | D90: Rua dos Estudantes, 75 | E90: Parque Iracema | F90: Residencial | I90: =IF(H90="","",IF(H90<=Preço!$C$7,Preço!$B$7,IF(H90<=Preço!$C$8,Preço!$B$8,IF(H90<=Preço!$C$9,Preço!$B$9,Preço!$B$10)))) | J90: =IF(H90="","",Preço!$D$7+MAX(0,MIN(H90,Preço!$C$8)-Preço!$C$7)*Preço!$D$8+MAX(0,MIN(H90,Preço!$C$9)-Preço!$C$8)*Preço!$D$9+MAX(0,H90-Preço!$C$9)*Preço!$D$10) | K90: =IF(H90="","",J90*12)
B91: 85 | C91: Condomínio Residencial Porto Seguro | D91: Rua Caputira, 495 | E91: Parque Iracema | F91: Residencial | G91: SIM | I91: =IF(H91="","",IF(H91<=Preço!$C$7,Preço!$B$7,IF(H91<=Preço!$C$8,Preço!$B$8,IF(H91<=Preço!$C$9,Preço!$B$9,Preço!$B$10)))) | J91: =IF(H91="","",Preço!$D$7+MAX(0,MIN(H91,Preço!$C$8)-Preço!$C$7)*Preço!$D$8+MAX(0,MIN(H91,Preço!$C$9)-Preço!$C$8)*Preço!$D$9+MAX(0,H91-Preço!$C$9)*Preço!$D$10) | K91: =IF(H91="","",J91*12)
B92: 86 | C92: Parque Casa Nova | D92: Rua Martinho Canozo, 250 | E92: Parque Joaquim Lopes | F92: Residencial | I92: =IF(H92="","",IF(H92<=Preço!$C$7,Preço!$B$7,IF(H92<=Preço!$C$8,Preço!$B$8,IF(H92<=Preço!$C$9,Preço!$B$9,Preço!$B$10)))) | J92: =IF(H92="","",Preço!$D$7+MAX(0,MIN(H92,Preço!$C$8)-Preço!$C$7)*Preço!$D$8+MAX(0,MIN(H92,Preço!$C$9)-Preço!$C$8)*Preço!$D$9+MAX(0,H92-Preço!$C$9)*Preço!$D$10) | K92: =IF(H92="","",J92*12)
B93: 87 | C93: Parque Casa Pienza | D93: Rua Doutor Cervantes Angulo, 295 | E93: Parque Joaquim Lopes | F93: Residencial | G93: SIM | I93: =IF(H93="","",IF(H93<=Preço!$C$7,Preço!$B$7,IF(H93<=Preço!$C$8,Preço!$B$8,IF(H93<=Preço!$C$9,Preço!$B$9,Preço!$B$10)))) | J93: =IF(H93="","",Preço!$D$7+MAX(0,MIN(H93,Preço!$C$8)-Preço!$C$7)*Preço!$D$8+MAX(0,MIN(H93,Preço!$C$9)-Preço!$C$8)*Preço!$D$9+MAX(0,H93-Preço!$C$9)*Preço!$D$10) | K93: =IF(H93="","",J93*12)
B94: 88 | C94: Edifício Residencial Moreschi | D94: Rua Ilhéus, 1078 | E94: Residencial Moreschi | F94: Residencial | G94: SIM | I94: =IF(H94="","",IF(H94<=Preço!$C$7,Preço!$B$7,IF(H94<=Preço!$C$8,Preço!$B$8,IF(H94<=Preço!$C$9,Preço!$B$9,Preço!$B$10)))) | J94: =IF(H94="","",Preço!$D$7+MAX(0,MIN(H94,Preço!$C$8)-Preço!$C$7)*Preço!$D$8+MAX(0,MIN(H94,Preço!$C$9)-Preço!$C$8)*Preço!$D$9+MAX(0,H94-Preço!$C$9)*Preço!$D$10) | K94: =IF(H94="","",J94*12)
B95: 89 | C95: Edifício Residencial Porto Village | D95: Rua Bragança Paulista, 150 | E95: Residencial Moreschi | F95: Residencial | I95: =IF(H95="","",IF(H95<=Preço!$C$7,Preço!$B$7,IF(H95<=Preço!$C$8,Preço!$B$8,IF(H95<=Preço!$C$9,Preço!$B$9,Preço!$B$10)))) | J95: =IF(H95="","",Preço!$D$7+MAX(0,MIN(H95,Preço!$C$8)-Preço!$C$7)*Preço!$D$8+MAX(0,MIN(H95,Preço!$C$9)-Preço!$C$8)*Preço!$D$9+MAX(0,H95-Preço!$C$9)*Preço!$D$10) | K95: =IF(H95="","",J95*12)
B96: 90 | C96: Condomínio Edifício Residencial Itaparica | D96: Rua Morro Agudo, 800 | E96: San Remo | F96: Residencial | I96: =IF(H96="","",IF(H96<=Preço!$C$7,Preço!$B$7,IF(H96<=Preço!$C$8,Preço!$B$8,IF(H96<=Preço!$C$9,Preço!$B$9,Preço!$B$10)))) | J96: =IF(H96="","",Preço!$D$7+MAX(0,MIN(H96,Preço!$C$8)-Preço!$C$7)*Preço!$D$8+MAX(0,MIN(H96,Preço!$C$9)-Preço!$C$8)*Preço!$D$9+MAX(0,H96-Preço!$C$9)*Preço!$D$10) | K96: =IF(H96="","",J96*12)
B97: 91 | C97: Condomínio Edifício Residencial San Remo | D97: Rua Ângelo Ceneviva, 137 | E97: San Remo | F97: Residencial | I97: =IF(H97="","",IF(H97<=Preço!$C$7,Preço!$B$7,IF(H97<=Preço!$C$8,Preço!$B$8,IF(H97<=Preço!$C$9,Preço!$B$9,Preço!$B$10)))) | J97: =IF(H97="","",Preço!$D$7+MAX(0,MIN(H97,Preço!$C$8)-Preço!$C$7)*Preço!$D$8+MAX(0,MIN(H97,Preço!$C$9)-Preço!$C$8)*Preço!$D$9+MAX(0,H97-Preço!$C$9)*Preço!$D$10) | K97: =IF(H97="","",J97*12)
B98: 92 | C98: Condomínio Edifício Prefeito Duarte Nogueira II | D98: Rua Piracicaba, 1000 | E98: Santo Antônio | F98: Residencial | G98: SIM | I98: =IF(H98="","",IF(H98<=Preço!$C$7,Preço!$B$7,IF(H98<=Preço!$C$8,Preço!$B$8,IF(H98<=Preço!$C$9,Preço!$B$9,Preço!$B$10)))) | J98: =IF(H98="","",Preço!$D$7+MAX(0,MIN(H98,Preço!$C$8)-Preço!$C$7)*Preço!$D$8+MAX(0,MIN(H98,Preço!$C$9)-Preço!$C$8)*Preço!$D$9+MAX(0,H98-Preço!$C$9)*Preço!$D$10) | K98: =IF(H98="","",J98*12)
B99: 93 | C99: Condomínio Edifício Residencial Andorinhas | D99: Rua América, 105 | E99: São Francisco | F99: Residencial | I99: =IF(H99="","",IF(H99<=Preço!$C$7,Preço!$B$7,IF(H99<=Preço!$C$8,Preço!$B$8,IF(H99<=Preço!$C$9,Preço!$B$9,Preço!$B$10)))) | J99: =IF(H99="","",Preço!$D$7+MAX(0,MIN(H99,Preço!$C$8)-Preço!$C$7)*Preço!$D$8+MAX(0,MIN(H99,Preço!$C$9)-Preço!$C$8)*Preço!$D$9+MAX(0,H99-Preço!$C$9)*Preço!$D$10) | K99: =IF(H99="","",J99*12)
B100: 94 | C100: Condomínio Edifício Residencial Petrópolis | D100: Rua Petrópolis, 100 | E100: São Francisco | F100: Residencial | I100: =IF(H100="","",IF(H100<=Preço!$C$7,Preço!$B$7,IF(H100<=Preço!$C$8,Preço!$B$8,IF(H100<=Preço!$C$9,Preço!$B$9,Preço!$B$10)))) | J100: =IF(H100="","",Preço!$D$7+MAX(0,MIN(H100,Preço!$C$8)-Preço!$C$7)*Preço!$D$8+MAX(0,MIN(H100,Preço!$C$9)-Preço!$C$8)*Preço!$D$9+MAX(0,H100-Preço!$C$9)*Preço!$D$10) | K100: =IF(H100="","",J100*12)
B101: 95 | C101: Condomínio Edifício Residencial San Raphael | D101: Rua Ilhéus, 1295 | E101: São Francisco | F101: Residencial | I101: =IF(H101="","",IF(H101<=Preço!$C$7,Preço!$B$7,IF(H101<=Preço!$C$8,Preço!$B$8,IF(H101<=Preço!$C$9,Preço!$B$9,Preço!$B$10)))) | J101: =IF(H101="","",Preço!$D$7+MAX(0,MIN(H101,Preço!$C$8)-Preço!$C$7)*Preço!$D$8+MAX(0,MIN(H101,Preço!$C$9)-Preço!$C$8)*Preço!$D$9+MAX(0,H101-Preço!$C$9)*Preço!$D$10) | K101: =IF(H101="","",J101*12)
B102: 96 | C102: Condomínio Edifício Parque Residencial Estoril | D102: Rua Treze de Maio, 1900 | E102: Vila Amêndola | F102: Residencial | I102: =IF(H102="","",IF(H102<=Preço!$C$7,Preço!$B$7,IF(H102<=Preço!$C$8,Preço!$B$8,IF(H102<=Preço!$C$9,Preço!$B$9,Preço!$B$10)))) | J102: =IF(H102="","",Preço!$D$7+MAX(0,MIN(H102,Preço!$C$8)-Preço!$C$7)*Preço!$D$8+MAX(0,MIN(H102,Preço!$C$9)-Preço!$C$8)*Preço!$D$9+MAX(0,H102-Preço!$C$9)*Preço!$D$10) | K102: =IF(H102="","",J102*12)
B103: 97 | C103: Parque Casa Pueblo | D103: Av. Dona Engrácia A. Romão, 771 | E103: Vila Dona Engrácia | F103: Residencial | I103: =IF(H103="","",IF(H103<=Preço!$C$7,Preço!$B$7,IF(H103<=Preço!$C$8,Preço!$B$8,IF(H103<=Preço!$C$9,Preço!$B$9,Preço!$B$10)))) | J103: =IF(H103="","",Preço!$D$7+MAX(0,MIN(H103,Preço!$C$8)-Preço!$C$7)*Preço!$D$8+MAX(0,MIN(H103,Preço!$C$9)-Preço!$C$8)*Preço!$D$9+MAX(0,H103-Preço!$C$9)*Preço!$D$10) | K103: =IF(H103="","",J103*12)
B104: 98 | C104: Condomínio Edifício Residencial Santa Josefa | D104: Rua Nações Unidas, 160 | E104: Vila Juca Pedro | F104: Residencial | G104: SIM | I104: =IF(H104="","",IF(H104<=Preço!$C$7,Preço!$B$7,IF(H104<=Preço!$C$8,Preço!$B$8,IF(H104<=Preço!$C$9,Preço!$B$9,Preço!$B$10)))) | J104: =IF(H104="","",Preço!$D$7+MAX(0,MIN(H104,Preço!$C$8)-Preço!$C$7)*Preço!$D$8+MAX(0,MIN(H104,Preço!$C$9)-Preço!$C$8)*Preço!$D$9+MAX(0,H104-Preço!$C$9)*Preço!$D$10) | K104: =IF(H104="","",J104*12)
B105: 99 | C105: Parque Casa Bilbao | D105: Rua Colômbia, S/N | E105: Vila Juca Pedro | F105: Residencial | I105: =IF(H105="","",IF(H105<=Preço!$C$7,Preço!$B$7,IF(H105<=Preço!$C$8,Preço!$B$8,IF(H105<=Preço!$C$9,Preço!$B$9,Preço!$B$10)))) | J105: =IF(H105="","",Preço!$D$7+MAX(0,MIN(H105,Preço!$C$8)-Preço!$C$7)*Preço!$D$8+MAX(0,MIN(H105,Preço!$C$9)-Preço!$C$8)*Preço!$D$9+MAX(0,H105-Preço!$C$9)*Preço!$D$10) | K105: =IF(H105="","",J105*12)
B106: 100 | C106: Condomínio Edifício Prefeito Duarte Nogueira I | D106: Rua Piracicaba, 1100 | E106: Vila Maria Jorge | F106: Residencial | G106: SIM | I106: =IF(H106="","",IF(H106<=Preço!$C$7,Preço!$B$7,IF(H106<=Preço!$C$8,Preço!$B$8,IF(H106<=Preço!$C$9,Preço!$B$9,Preço!$B$10)))) | J106: =IF(H106="","",Preço!$D$7+MAX(0,MIN(H106,Preço!$C$8)-Preço!$C$7)*Preço!$D$8+MAX(0,MIN(H106,Preço!$C$9)-Preço!$C$8)*Preço!$D$9+MAX(0,H106-Preço!$C$9)*Preço!$D$10) | K106: =IF(H106="","",J106*12)
B107: 101 | C107: Condomínio Residencial San Paolo | D107: Rua São Paulo, 715 | E107: Vila Motta | F107: Residencial | I107: =IF(H107="","",IF(H107<=Preço!$C$7,Preço!$B$7,IF(H107<=Preço!$C$8,Preço!$B$8,IF(H107<=Preço!$C$9,Preço!$B$9,Preço!$B$10)))) | J107: =IF(H107="","",Preço!$D$7+MAX(0,MIN(H107,Preço!$C$8)-Preço!$C$7)*Preço!$D$8+MAX(0,MIN(H107,Preço!$C$9)-Preço!$C$8)*Preço!$D$9+MAX(0,H107-Preço!$C$9)*Preço!$D$10) | K107: =IF(H107="","",J107*12)
B108: 102 | C108: Parque Casa de Málaga | D108: Rua Virgílio Mastrocola, 770 | E108: Vila Motta | F108: Residencial | I108: =IF(H108="","",IF(H108<=Preço!$C$7,Preço!$B$7,IF(H108<=Preço!$C$8,Preço!$B$8,IF(H108<=Preço!$C$9,Preço!$B$9,Preço!$B$10)))) | J108: =IF(H108="","",Preço!$D$7+MAX(0,MIN(H108,Preço!$C$8)-Preço!$C$7)*Preço!$D$8+MAX(0,MIN(H108,Preço!$C$9)-Preço!$C$8)*Preço!$D$9+MAX(0,H108-Preço!$C$9)*Preço!$D$10) | K108: =IF(H108="","",J108*12)
B109: 103 | C109: Condomínio Residencial Félix Sahão | D109: Av. Benedito Zancaner, 1765 | E109: Vila Rodrigues | F109: Residencial | I109: =IF(H109="","",IF(H109<=Preço!$C$7,Preço!$B$7,IF(H109<=Preço!$C$8,Preço!$B$8,IF(H109<=Preço!$C$9,Preço!$B$9,Preço!$B$10)))) | J109: =IF(H109="","",Preço!$D$7+MAX(0,MIN(H109,Preço!$C$8)-Preço!$C$7)*Preço!$D$8+MAX(0,MIN(H109,Preço!$C$9)-Preço!$C$8)*Preço!$D$9+MAX(0,H109-Preço!$C$9)*Preço!$D$10) | K109: =IF(H109="","",J109*12)
B110: 104 | C110: Condomínio Solar dos Ipês | D110: Rua Amapá, 225 | E110: Vila Rodrigues | F110: Residencial | G110: SIM | I110: =IF(H110="","",IF(H110<=Preço!$C$7,Preço!$B$7,IF(H110<=Preço!$C$8,Preço!$B$8,IF(H110<=Preço!$C$9,Preço!$B$9,Preço!$B$10)))) | J110: =IF(H110="","",Preço!$D$7+MAX(0,MIN(H110,Preço!$C$8)-Preço!$C$7)*Preço!$D$8+MAX(0,MIN(H110,Preço!$C$9)-Preço!$C$8)*Preço!$D$9+MAX(0,H110-Preço!$C$9)*Preço!$D$10) | K110: =IF(H110="","",J110*12)
B111: 105 | C111: Condomínio Residencial Catuaí | D111: — | E111: — | F111: Residencial | I111: =IF(H111="","",IF(H111<=Preço!$C$7,Preço!$B$7,IF(H111<=Preço!$C$8,Preço!$B$8,IF(H111<=Preço!$C$9,Preço!$B$9,Preço!$B$10)))) | J111: =IF(H111="","",Preço!$D$7+MAX(0,MIN(H111,Preço!$C$8)-Preço!$C$7)*Preço!$D$8+MAX(0,MIN(H111,Preço!$C$9)-Preço!$C$8)*Preço!$D$9+MAX(0,H111-Preço!$C$9)*Preço!$D$10) | K111: =IF(H111="","",J111*12)
B112: 106 | C112: Condomínio Residencial Idalina C. Kaiser | D112: — | E112: — | F112: Residencial | I112: =IF(H112="","",IF(H112<=Preço!$C$7,Preço!$B$7,IF(H112<=Preço!$C$8,Preço!$B$8,IF(H112<=Preço!$C$9,Preço!$B$9,Preço!$B$10)))) | J112: =IF(H112="","",Preço!$D$7+MAX(0,MIN(H112,Preço!$C$8)-Preço!$C$7)*Preço!$D$8+MAX(0,MIN(H112,Preço!$C$9)-Preço!$C$8)*Preço!$D$9+MAX(0,H112-Preço!$C$9)*Preço!$D$10) | K112: =IF(H112="","",J112*12)
C113: TOTAL | H113: =SUM(H7:H112) -> 160 | J113: =SUM(J7:J112) -> 1605 | K113: =SUM(K7:K112) -> 19260
C115: Condomínios na lista | E115: =COUNTA(C7:C112) -> 106
C116: Já são clientes da Prestare | E116: =COUNTIF(G7:G112,"SIM") -> 13
C117: Prospects (ainda não clientes) | E117: =COUNTA(C7:C112)-COUNTIF(G7:G112,"SIM") -> 93
C118: Com nº de unidades já confirmado | E118: =COUNT(H7:H112) -> 1
C119: Falta confirmar unidades em | E119: =COUNTA(C7:C112)-COUNT(H7:H112) -> 105
C120: Potencial de MRR já calculado | E120: =J113 -> 1605

Sheet Preço
B2: Tabela de preço por zonas
B3: Edite só o amarelo. Alimenta o cálculo da aba anterior.
B6: Faixa | C6: Limite superior | D6: Valor | E6: Unidades
B7: Compacto | C7: 30 | D7: 298 | E7: Até 30 unidades
B8: Padrão | C8: 60 | D8: 9.9 | E8: Da 31ª à 60ª
B9: Plus | C9: 120 | D9: 8.9 | E9: Da 61ª à 120ª
B10: Corporativo | C10: — | D10: 11.9 | E10: Acima da 120ª
B12: Taxa de implantação (única) | D12: 490

Sheet Fontes e método
B2: De onde vieram estes dados e o que ainda falta
B3: Leia antes de sair ligando.
B5: O QUE ESTÁ CONFIRMADO
B6: Nome, endereço e bairro dos condomínios: extraídos do diretório Solutudo, categoria "Condomínios - Edifícios" de Catanduva/SP, que declara 118 empresas cadastradas nessa categoria. Foram removidas as duplicidades por endereço. O Vista Impper veio de notícia do Grupo Impper (160 unidades, 20 pavimentos).
B8: Confiança na lista: alta para existência do condomínio, média para grafia do nome e número do endereço, porque diretórios têm cadastro desatualizado. Confirme o endereço antes de ir até o prédio.
B11: O QUE NÃO ESTÁ CONFIRMADO — E POR QUÊ
B12: O NÚMERO DE UNIDADES não é publicado em nenhuma fonte aberta. Nem diretório, nem prefeitura, nem cartório disponibilizam isso on-line. Por isso a coluna Unidades está vazia e amarela: é o único dado que você precisa levantar, e é justamente o que define o preço.
B14: Três formas rápidas de conseguir: (1) Google Maps em Street View — conte os andares e as janelas por andar, dá uma estimativa boa em 30 segundos por prédio; (2) anúncios de venda do prédio costumam citar "apto X de Y"; (3) pergunte ao porteiro — leva 10 segundos e vem com o nome do síndico de brinde.
B17: O QUE A LISTA REVELA
B18: A esmagadora maioria dos verticais está no CENTRO e na HIGIENÓPOLIS. Se você tiver uma tarde, é ali que ela rende mais. Parque Iracema, São Francisco e Jardim Santa Helena vêm em seguida.
B20: Alguns registros são comerciais, não residenciais (Minas Center, Catanduva Shopping Center, Drogasil, Conjunto Esportivo João Crippa). Estão marcados na coluna Tipo — não descarte de imediato: prédio comercial também tem síndico, portaria e encomenda.
B22: Doze condomínios da lista já são seus clientes e estão marcados em verde na coluna "Já é cliente?". Damha, Ideal Life e Santa Andélia não aparecem no diretório — provavelmente porque são horizontais ou estão cadastrados com outra razão social.
... B32: Casa dos Dados — CNPJ de condomínios de Catanduva (Idalina C. Kaiser, Catuaí): casadosdados.com.br
